Country,Country Code,Indicator Name,Indicator Code,1990,1991,1992,1993,1994,1995,1996,1997,1998,1999,2000,2001,2002,2003,2004,2005,2006,2007,2008,2009,2010,2011,2012,2013,2014,2015,2016
Aruba,ABW,"GNI per capita, PPP (current international $)",NY.GNP.PCAP.PP.CD,,,,,,,,,,,,,,,,,,,,,,,,,,,
Afghanistan,AFG,"GNI per capita, PPP (current international $)",NY.GNP.PCAP.PP.CD,,,,,,,,,,,,,870,920,920,1010,1070,1210,1250,1490,1590,1680,1900,1940,1950,1940,1970
Angola,AGO,"GNI per capita, PPP (current international $)",NY.GNP.PCAP.PP.CD,2840,2460,1590,1190,950,1820,1910,2240,2270,2110,2270,2370,2280,2390,2610,3010,3600,4480,4810,5200,5210,5360,5560,5890,6120,6250,6090
Albania,ALB,"GNI per capita, PPP (current international $)",NY.GNP.PCAP.PP.CD,2720,1950,1830,2130,2400,2830,3180,2900,3300,3770,4150,4600,4870,5250,5650,6060,6830,7490,8270,8670,9540,10210,10450,10600,11120,11170,11350
Andorra,AND,"GNI per capita, PPP (current international $)",NY.GNP.PCAP.PP.CD,,,,,,,,,,,,,,,,,,,,,,,,,,,
Arab World,ARB,"GNI per capita, PPP (current international $)",NY.GNP.PCAP.PP.CD,6940.589591,6957.80444,7326.127809,7555.912887,7681.972967,7833.194295,8090.535788,8385.440489,8870.329879,8977.423345,9381.704073,9590.448843,9461.187123,9847.681589,10820.83994,11543.43171,12415.10386,13107.02255,13775.56428,13597.67402,13950.42324,14310.64269,14983.56981,15297.90407,15782.62587,16306.5508,16720.41338
United Arab Emirates,ARE,"GNI per capita, PPP (current international $)",NY.GNP.PCAP.PP.CD,,,,,,,,,,,,84430,80050,82540,85500,83520,83040,77120,69730,59770,56400,58420,60960,64970,67530,70600,72830
Argentina,ARG,"GNI per capita, PPP (current international $)",NY.GNP.PCAP.PP.CD,6680,7780,8890,9570,10190,9950,10540,11440,11830,11460,11500,11090,9480,10530,11720,13290,14730,16430,17270,16110,17710,19070,19120,19730,19360,19950,19500
Armenia,ARM,"GNI per capita, PPP (current international $)",NY.GNP.PCAP.PP.CD,2330,2230,1130,1180,1420,1580,1780,1950,2080,2190,2380,2690,3130,3650,4150,4970,5870,6960,7690,6590,6890,7270,7950,8490,8770,9090,9020
American Samoa,ASM,"GNI per capita, PPP (current international $)",NY.GNP.PCAP.PP.CD,,,,,,,,,,,,,,,,,,,,,,,,,,,
Antigua and Barbuda,ATG,"GNI per capita, PPP (current international $)",NY.GNP.PCAP.PP.CD,9540,10340,10600,11380,12060,11450,12170,12820,13260,13600,14180,13870,13740,14780,15820,17320,19910,22070,22130,19430,18310,17960,18580,18980,20000,20970,22090
Australia,AUS,"GNI per capita, PPP (current international $)",NY.GNP.PCAP.PP.CD,16780,17120,17530,18660,19680,20240,21270,22230,23470,24510,25580,26630,27940,28880,30490,31380,33050,34960,35980,38860,37700,40100,41290,44470,45350,45140,45210
Austria,AUT,"GNI per capita, PPP (current international $)",NY.GNP.PCAP.PP.CD,19540,20570,21310,21760,22640,23570,24510,25290,26490,27170,29120,29330,31000,32030,33710,34940,37720,39350,41660,40900,42400,44600,46500,48050,48880,49570,50530
Azerbaijan,AZE,"GNI per capita, PPP (current international $)",NY.GNP.PCAP.PP.CD,,,,3360,2720,2410,2420,2630,2890,3110,3340,3710,4120,4650,5100,6280,8570,10560,12380,13800,14690,14680,15260,16320,17070,17100,16130
Burundi,BDI,"GNI per capita, PPP (current international $)",NY.GNP.PCAP.PP.CD,690,740,740,700,680,630,580,570,600,590,610,600,620,600,620,630,670,700,730,730,740,770,790,820,840,800,770
Belgium,BEL,"GNI per capita, PPP (current international $)",NY.GNP.PCAP.PP.CD,18820,19800,20470,20880,22120,23010,23400,24480,25120,26220,28690,29510,30990,31630,32680,33720,35870,37350,39030,38050,41350,41660,43390,44170,44920,45440,45900
Benin,BEN,"GNI per capita, PPP (current international $)",NY.GNP.PCAP.PP.CD,930,970,970,1030,1030,1080,1110,1170,1200,1250,1310,1370,1410,1440,1500,1540,1600,1690,1770,1760,1770,1820,1870,1990,2090,2110,2170
Burkina Faso,BFA,"GNI per capita, PPP (current international $)",NY.GNP.PCAP.PP.CD,540,600,600,610,620,650,720,750,790,840,840,900,920,990,1030,1120,1200,1260,1340,1340,1360,1420,1520,1580,1600,1630,1730
Bangladesh,BGD,"GNI per capita, PPP (current international $)",NY.GNP.PCAP.PP.CD,850,890,940,990,1030,1080,1120,1170,1220,1270,1340,1410,1480,1550,1650,1790,1970,2150,2330,2440,2590,2770,2990,3170,3330,3550,3790
Bulgaria,BGR,"GNI per capita, PPP (current international $)",NY.GNP.PCAP.PP.CD,4780,4460,4680,4750,4940,5140,5400,5500,5890,5670,6220,6960,7930,8520,9280,10300,11090,11970,13720,13880,14640,15180,15990,16270,17360,17750,19190
Bahrain,BHR,"GNI per capita, PPP (current international $)",NY.GNP.PCAP.PP.CD,19010,26430,27170,29290,28920,30960,32160,31720,32940,33120,34740,34300,33580,34640,35760,37470,38350,39730,39100,35290,36080,35440,36510,38840,38270,44170,
Bahamas,BHS,"GNI per capita, PPP (current international $)",NY.GNP.PCAP.PP.CD,14840,14380,14330,14220,14710,18250,20690,16740,18080,19230,20130,20720,21190,21010,21380,22070,22770,23260,23150,21760,21770,22030,22870,22650,22210,21640,21640
Bosnia-Herzegovina,BIH,"GNI per capita, PPP (current international $)",NY.GNP.PCAP.PP.CD,,,,,820,1050,2170,3040,4530,4860,5010,5180,5510,5690,6140,6720,7610,8400,9340,9350,9470,9980,10260,10970,11250,11600,12190
Belarus,BLR,"GNI per capita, PPP (current international $)",NY.GNP.PCAP.PP.CD,5400,5510,5080,4800,4320,3960,4170,4720,5200,5490,5970,6430,6910,7630,8790,10000,11350,12640,14200,14220,15600,16820,17400,17620,18290,17550,17220
Belize,BLZ,"GNI per capita, PPP (current international $)",NY.GNP.PCAP.PP.CD,3260,3650,4080,4370,4320,4360,4340,4430,4420,4670,5160,5300,5530,5890,6040,6290,6600,6530,6720,6950,6850,7340,7510,7580,7740,8120,7930
Bermuda,BMU,"GNI per capita, PPP (current international $)",NY.GNP.PCAP.PP.CD,26490,26490,27070,28390,28970,30660,,,,,,,,,,,,75090,74800,68450,68910,68110,67140,66670,,,
Bolivia,BOL,"GNI per capita, PPP (current international $)",NY.GNP.PCAP.PP.CD,2280,2440,2520,2630,2770,2900,3050,3180,3330,3320,3400,3480,3550,3610,3770,4020,4280,4510,4830,4910,5070,5330,5540,5910,6310,6720,7100
Brazil,BRA,"GNI per capita, PPP (current international $)",NY.GNP.PCAP.PP.CD,6510,6740,6770,7090,7410,7790,8050,8290,8170,8140,8620,8800,9110,9280,10000,10520,11130,11980,12630,12590,13830,14580,15070,15780,15840,15280,14810
Barbados,BRB,"GNI per capita, PPP (current international $)",NY.GNP.PCAP.PP.CD,9010,8940,8680,8880,9220,9540,10050,10700,11180,11300,12000,11900,12120,12590,13060,13750,14680,15570,15790,15280,15770,15410,16140,16260,16460,16710,17180
Brunei,BRN,"GNI per capita, PPP (current international $)",NY.GNP.PCAP.PP.CD,54730,56690,59030,58950,60430,62790,64150,62780,61690,63140,65030,66960,69250,71340,72410,73870,78400,80020,78980,77340,78340,80220,81500,80920,79920,83440,83010
Bhutan,BTN,"GNI per capita, PPP (current international $)",NY.GNP.PCAP.PP.CD,1410,1410,1480,1590,1780,1850,2000,2170,2100,2190,2800,3020,3250,3450,3650,3970,4310,5060,5230,5440,5940,6380,6600,6820,7210,7520,8160
Botswana,BWA,"GNI per capita, PPP (current international $)",NY.GNP.PCAP.PP.CD,5100,5750,5960,6310,5760,6450,6490,7150,7540,7660,7750,8120,7710,8430,8660,9450,10480,11580,12320,11820,12500,13790,14550,15710,16380,16090,16680
Central African Republic,CAF,"GNI per capita, PPP (current international $)",NY.GNP.PCAP.PP.CD,590,600,560,550,570,610,580,610,630,660,640,670,700,660,700,720,770,810,820,840,870,920,970,620,640,670,700
Canada,CAN,"GNI per capita, PPP (current international $)",NY.GNP.PCAP.PP.CD,19380,19390,19710,20530,21660,22550,23110,24310,25240,26720,28420,29220,30070,31390,33020,35390,37400,38860,39680,38120,39230,40780,41400,43430,44610,43770,44020
Central Europe and the Baltics,CEB,"GNI per capita, PPP (current international $)",NY.GNP.PCAP.PP.CD,,,6321.402216,6621.519098,7123.437073,7642.650522,8149.844108,8535.904154,8925.994647,9207.355818,9865.503478,10643.14524,11424.79502,12059.66128,12997.80917,13902.74078,15356.80369,16884.67873,18864.48353,18937.5111,20031.86975,21355.61828,22229.92493,23263.38715,24156.81276,24884.94115,25811.16905
Switzerland,CHE,"GNI per capita, PPP (current international $)",NY.GNP.PCAP.PP.CD,28170,28510,28740,29260,29770,30590,31360,33260,34520,35750,38080,38270,38730,40140,41610,43910,48360,49850,48960,52630,56090,56460,58880,61190,61910,64290,63810
Channel Islands,CHI,"GNI per capita, PPP (current international $)",NY.GNP.PCAP.PP.CD,,,,,,,,,,,,,,,,,,,,,,,,,,,
Chile,CHL,"GNI per capita, PPP (current international $)",NY.GNP.PCAP.PP.CD,4270,4690,5390,5910,6280,7090,7770,8390,8810,8740,9240,9660,9940,10190,10860,11660,13850,15070,15270,15110,16970,19190,20580,21590,22210,22060,22540
China,CHN,"GNI per capita, PPP (current international $)",NY.GNP.PCAP.PP.CD,990,1100,1270,1460,1670,1840,2040,2250,2420,2630,2900,3180,3520,3940,4440,5060,5870,6880,7680,8360,9290,10290,11320,12270,13430,14400,15470
Ivory Coast,CIV,"GNI per capita, PPP (current international $)",NY.GNP.PCAP.PP.CD,1760,1790,1780,1760,1810,1920,2080,2160,2260,2270,2120,2070,2010,1930,2070,2300,2350,2410,2470,2510,2540,2410,2670,2850,3130,3350,3590
Cameroon,CMR,"GNI per capita, PPP (current international $)",NY.GNP.PCAP.PP.CD,1870,1770,1710,1590,1600,1640,1700,1770,1850,1920,1940,2000,2090,2220,2400,2450,2580,2680,2770,2810,2840,2940,3030,3150,3330,3450,3540
Democratic Republic of the Congo,COD,"GNI per capita, PPP (current international $)",NY.GNP.PCAP.PP.CD,760,690,610,530,470,460,490,460,450,410,410,390,400,420,450,470,500,520,530,550,570,600,630,640,690,740,780
Republic of the Congo,COG,"GNI per capita, PPP (current international $)",NY.GNP.PCAP.PP.CD,2760,2860,3040,2780,2770,1940,1980,2420,2620,2320,2510,2580,2730,2800,2660,2800,2960,3010,3360,3460,3820,3870,4140,4320,4820,5840,5380
Colombia,COL,"GNI per capita, PPP (current international $)",NY.GNP.PCAP.PP.CD,4620,4830,5100,5300,5720,6050,6160,6380,6410,6150,6440,6580,6740,6990,7460,7950,8640,9350,9740,9890,10260,10970,11570,12250,12930,13560,13900
Comoros,COM,"GNI per capita, PPP (current international $)",NY.GNP.PCAP.PP.CD,1030,980,1070,1090,1020,1050,1030,1060,1050,1060,1180,1200,1210,1230,1260,1300,1350,1370,1360,1370,1380,1410,1440,1490,1510,1510,1540
Cape Verde,CPV,"GNI per capita, PPP (current international $)",NY.GNP.PCAP.PP.CD,1080,1100,1220,1320,1550,1760,1940,2140,2380,2610,2960,3080,3190,3350,3730,3990,4360,5200,5560,5480,5460,5760,5840,5960,5920,6070,6220
Costa Rica,CRI,"GNI per capita, PPP (current international $)",NY.GNP.PCAP.PP.CD,4860,5070,5530,5910,6220,6410,6470,6760,7040,6560,7460,7760,8000,8380,8880,9420,10360,11410,12090,11740,12320,12940,13680,13980,14510,15180,15750
Caribbean small states,CSS,"GNI per capita, PPP (current international $)",NY.GNP.PCAP.PP.CD,5413.666544,5618.189783,5784.693211,6192.380827,6422.600192,6843.019678,7268.329996,7406.247086,7640.819517,7963.792187,8351.330631,8548.72503,9046.845966,9775.529643,10509.26421,11175.37288,12376.26356,13110.03013,13567.17482,13029.13344,13366.92993,13259.51518,13620.18756,14250.66904,14398.72584,14867.82866,14818.59585
Cuba,CUB,"GNI per capita, PPP (current international $)",NY.GNP.PCAP.PP.CD,,,,,,,,,,,,,,,,,,,,,,,,,,,
Curacao,CUW,"GNI per capita, PPP (current international $)",NY.GNP.PCAP.PP.CD,,,,,,,,,,,,,,,,,,,,,,,,,,,
Cayman Islands,CYM,"GNI per capita, PPP (current international $)",NY.GNP.PCAP.PP.CD,,,,,,,,,,,,,,,,,,,,,,,,,,,
Cyprus,CYP,"GNI per capita, PPP (current international $)",NY.GNP.PCAP.PP.CD,13390,13590,14750,14870,15700,16480,16710,17320,19990,19220,20550,22110,23140,23650,25280,27250,29340,32470,34110,33440,32260,33190,30930,29190,29270,31730,32200
Czech Republic,CZE,"GNI per capita, PPP (current international $)",NY.GNP.PCAP.PP.CD,,,11670,12030,12640,13600,14340,14490,14670,15020,15850,17050,17510,18720,19820,20920,22300,24400,25980,25600,25550,26620,27250,28670,30080,30990,32350
Germany,DEU,"GNI per capita, PPP (current international $)",NY.GNP.PCAP.PP.CD,19750,21140,21860,21940,22790,23530,24080,24560,25200,26140,27110,28260,28980,29720,31650,32250,34840,36980,38400,37870,40000,43770,44590,46250,48020,48690,49690
Djibouti,DJI,"GNI per capita, PPP (current international $)",NY.GNP.PCAP.PP.CD,,2010,2030,1940,1920,1870,1790,1740,1710,1720,1740,1760,1810,1980,2110,2200,,,,,,,,,,,
Dominica,DMA,"GNI per capita, PPP (current international $)",NY.GNP.PCAP.PP.CD,4220,4340,4540,4740,4800,4950,5080,5340,5760,5690,5720,6170,6080,6690,6980,7260,8010,8660,9500,9560,9800,9920,9970,9820,10430,10240,10620
Denmark,DNK,"GNI per capita, PPP (current international $)",NY.GNP.PCAP.PP.CD,17740,18510,19330,19860,21350,22430,23420,24580,25520,26430,28070,29060,30280,30590,33060,34430,37750,39160,41740,40730,43750,45340,45820,48210,49540,50310,50290
Dominican Republic,DOM,"GNI per capita, PPP (current international $)",NY.GNP.PCAP.PP.CD,3250,3350,3710,3930,4060,4300,4650,5020,5330,5670,6040,6190,6550,6410,6450,7380,8340,9190,9670,9710,10500,10880,11240,11710,12630,13610,14480
Algeria,DZA,"GNI per capita, PPP (current international $)",NY.GNP.PCAP.PP.CD,6390,6270,6400,6340,6250,6420,6680,6820,7170,7360,7690,8170,8570,9270,9760,10430,10880,11670,12070,12130,12580,12850,13160,13420,13870,14140,14390
East Asia & Pacific (excluding high income),EAP,"GNI per capita, PPP (current international $)",NY.GNP.PCAP.PP.CD,1392.542275,1527.761705,1700.197751,1901.878788,2125.692389,2329.697308,2552.272315,2742.295508,2760.216879,2932.585808,3209.096202,3475.313406,3780.370363,4154.767537,4612.101773,5143.459793,5841.702024,6688.205511,7348.961776,7859.952308,8703.559783,9518.63678,10376.68279,11157.18435,12084.90587,12885.90686,13767.70645
Early-demographic dividend,EAR,"GNI per capita, PPP (current international $)",NY.GNP.PCAP.PP.CD,2602.629034,2767.421791,2900.104256,3076.139447,3177.298208,3278.774813,3447.420593,3597.580451,3648.34876,3725.198753,3917.737827,4028.420941,4106.55289,4334.821228,4671.617884,5069.070799,5513.051595,5988.652737,6283.563375,6396.298012,6859.680249,7271.686315,7578.923161,7938.320064,8352.504561,8728.350181,9142.620451
East Asia & Pacific,EAS,"GNI per capita, PPP (current international $)",NY.GNP.PCAP.PP.CD,3158.071857,3395.317169,3616.339682,3867.7828,4152.137971,4443.535327,4758.726086,5012.808042,5003.485468,5236.637983,5653.776727,5966.500455,6339.843234,6765.326247,7351.593616,7973.036026,8796.877145,9759.181892,10397.99133,10756.7294,11731.68363,12592.86039,13490.75402,14378.60491,15284.50236,16122.53798,17032.7677
Europe & Central Asia (excluding high income),ECA,"GNI per capita, PPP (current international $)",NY.GNP.PCAP.PP.CD,6436.536246,6254.382696,5680.827579,5448.118509,4945.29881,4925.23701,4997.486241,5190.368273,5199.550305,5356.132197,5992.255748,6379.434599,6831.884317,7501.098161,8423.910277,9422.542552,11214.31045,12516.40352,14338.36774,13830.89626,14830.6525,16820.22494,17719.09455,18399.87524,18896.27105,18773.18229,19026.5913
Europe & Central Asia,ECS,"GNI per capita, PPP (current international $)",NY.GNP.PCAP.PP.CD,11466.55568,11800.95806,11848.16124,11934.90433,12173.97518,12526.68045,12970.5411,13565.47587,14070.59904,14628.48791,15790.75978,16570.72304,17331.88876,18004.56739,19171.88042,20223.55336,22336.74663,23844.07368,25347.50208,24731.76317,25874.3018,27580.73534,28280.60298,29257.89538,29965.13431,30315.77865,31011.85735
Ecuador,ECU,"GNI per capita, PPP (current international $)",NY.GNP.PCAP.PP.CD,4450,4750,4920,5050,5290,5420,5480,5720,5820,5380,5400,5790,6080,6250,6810,7330,7790,8040,8710,8710,9030,9770,10360,10880,11290,11250,11030
Egypt,EGY,"GNI per capita, PPP (current international $)",NY.GNP.PCAP.PP.CD,3720,3860,4040,4150,4370,4600,4850,5130,5310,5600,5910,6150,6210,6400,6710,7100,7750,8400,9010,9260,9470,9570,9770,9900,10140,10570,10980
Euro area,EMU,"GNI per capita, PPP (current international $)",NY.GNP.PCAP.PP.CD,17009.50107,17945.23602,18517.78909,18756.2148,19515.69726,20388.42514,21046.23395,21912.07125,22881.80038,23829.13561,25327.91748,26441.74163,27375.92294,27845.73033,29113.61453,30153.76649,32658.61331,34445.4429,35617.68046,34915.66433,35983.03374,37606.58563,38000.71337,39182.66068,40044.45888,40798.91232,42058.7448
Eritrea,ERI,"GNI per capita, PPP (current international $)",NY.GNP.PCAP.PP.CD,,,760,890,1100,1170,1260,1370,1400,1390,1330,1430,1440,1380,1390,1440,1430,1460,1320,1350,1370,1500,,,,,
Spain,ESP,"GNI per capita, PPP (current international $)",NY.GNP.PCAP.PP.CD,13530,14300,14680,14860,15260,16140,16730,17710,18860,19790,21450,22690,24090,24850,25950,27300,30280,31800,32570,31790,31510,31510,31760,32430,33600,34740,36300
Estonia,EST,"GNI per capita, PPP (current international $)",NY.GNP.PCAP.PP.CD,,,,,,,,,,,9070,9820,11050,12360,13710,15870,18260,20450,21470,19870,20460,23310,24970,26800,27760,27960,29040
Ethiopia,ETH,"GNI per capita, PPP (current international $)",NY.GNP.PCAP.PP.CD,420,390,350,390,400,420,460,470,440,460,490,520,520,510,580,650,720,810,890,950,1050,1160,1250,1370,1490,1630,1730
European Union,EUU,"GNI per capita, PPP (current international $)",NY.GNP.PCAP.PP.CD,14894.88872,15591.17249,16080.88782,16396.51914,17209.00659,17842.84484,18556.59865,19401.05068,20274.48374,21075.21881,22540.93217,23622.97007,24622.36083,25255.70318,26558.2528,27548.86833,29798.52946,31455.53146,32755.79347,32076.57064,33287.04093,34754.50031,35268.16138,36454.33315,37362.76124,38148.82876,39313.00128
Fragile and conflict affected situations,FCS,"GNI per capita, PPP (current international $)",NY.GNP.PCAP.PP.CD,1754.92865,1352.147411,1442.621114,1559.048068,1613.840264,1647.458945,1756.025,1897.712712,2133.996657,2272.012186,2325.001815,2386.488238,2338.039973,2182.76195,2539.868054,2756.025992,2988.383606,3164.145706,3353.348538,3443.247838,3590.219413,3386.595718,3615.755712,3670.132825,3874.910393,3957.164967,4150.569696
Finland,FIN,"GNI per capita, PPP (current international $)",NY.GNP.PCAP.PP.CD,17840,17060,16550,16640,17720,18980,19600,21440,23090,24520,26580,27780,28650,28810,31350,32130,34690,37820,40040,38310,39300,40870,40830,41430,41850,42390,43780
Fiji,FJI,"GNI per capita, PPP (current international $)",NY.GNP.PCAP.PP.CD,3670,3680,3930,4050,4230,4490,4770,4670,4670,5120,5390,5450,5800,5920,6390,6710,6630,6800,6920,6950,6980,7260,7390,7950,8210,8610,8710
France,FRA,"GNI per capita, PPP (current international $)",NY.GNP.PCAP.PP.CD,17730,18490,19150,19420,20190,20950,21640,22640,23770,24930,26700,28140,28930,28610,29580,31140,33180,34870,35910,35350,36730,38320,38180,40040,40670,41080,42000
Faroe Islands,FRO,"GNI per capita, PPP (current international $)",NY.GNP.PCAP.PP.CD,,,,,,,,,,,,,,,,,,,,,,,,,,,
Micronesia,FSM,"GNI per capita, PPP (current international $)",NY.GNP.PCAP.PP.CD,,,,2340,2340,2400,2350,2360,2300,2370,2540,2640,2690,2790,2820,3000,3100,3160,3130,3300,3350,3520,3570,3590,3550,4140,4090
Gabon,GAB,"GNI per capita, PPP (current international $)",NY.GNP.PCAP.PP.CD,11300,12070,11290,11510,12240,12560,12920,13550,14130,12640,11930,12560,12900,12830,12290,13470,12640,13110,12640,12720,13070,13710,14810,15420,16620,16430,16720
United Kingdom,GBR,"GNI per capita, PPP (current international $)",NY.GNP.PCAP.PP.CD,16990,17360,17980,18810,20240,19610,20840,22300,23360,23960,26220,27590,29090,30390,32180,33040,34700,35540,36190,34480,36170,36900,37430,38780,39860,40660,41640
Georgia,GEO,"GNI per capita, PPP (current international $)",NY.GNP.PCAP.PP.CD,5170,4190,2330,1650,1530,1600,1900,2310,2470,2590,2690,2820,3020,3470,3870,4410,5090,5850,6070,5990,6390,7100,7950,8380,9110,9350,9510
Ghana,GHA,"GNI per capita, PPP (current international $)",NY.GNP.PCAP.PP.CD,1220,1290,1330,1390,1430,1480,1530,1590,1640,1690,1740,1820,1880,1970,2080,2230,2400,2510,2720,2800,2950,3300,3510,3830,3890,4060,4150
Gibraltar,GIB,"GNI per capita, PPP (current international $)",NY.GNP.PCAP.PP.CD,,,,,,,,,,,,,,,,,,,,,,,,,,,
Guinea,GIN,"GNI per capita, PPP (current international $)",NY.GNP.PCAP.PP.CD,860,870,870,900,910,940,960,1000,1020,1070,1100,1140,1220,1160,1190,1210,1270,1400,1420,1380,1450,1520,1610,1680,1720,1770,1840
Gambia,GMB,"GNI per capita, PPP (current international $)",NY.GNP.PCAP.PP.CD,900,970,1000,1030,1020,1030,1040,1070,1080,1130,1180,1230,1160,1230,1330,1320,1330,1370,1440,1490,1560,1470,1540,1600,1580,1620,1630
Guinea-Bissau,GNB,"GNI per capita, PPP (current international $)",NY.GNP.PCAP.PP.CD,970,1010,1020,1040,1080,1110,1240,1340,940,960,1040,1060,1070,1070,1110,1170,1220,1260,1290,1310,1370,1480,1450,1440,1540,1570,1550
Equatorial Guinea,GNQ,"GNI per capita, PPP (current international $)",NY.GNP.PCAP.PP.CD,690,700,950,1030,990,1040,1650,4380,4710,6170,5530,5520,7270,6630,8130,14190,23330,26790,28490,24800,19400,22230,24060,22660,22040,19920,18290
Greece,GRC,"GNI per capita, PPP (current international $)",NY.GNP.PCAP.PP.CD,13590,14360,14720,14700,15240,15810,16370,17310,18100,18260,19650,21140,22610,23800,25150,25620,27990,28530,29940,29690,27600,25430,25450,26070,26790,26700,27150
Grenada,GRD,"GNI per capita, PPP (current international $)",NY.GNP.PCAP.PP.CD,4480,4780,4840,4750,4880,4990,5260,5590,6250,6750,7150,7040,7310,8160,8100,10160,10020,10730,11040,10020,10390,10760,10770,11250,12200,13130,13720
Greenland,GRL,"GNI per capita, PPP (current international $)",NY.GNP.PCAP.PP.CD,,,,,,,,,,,,,,,,,,,,,,,,,,,
Guatemala,GTM,"GNI per capita, PPP (current international $)",NY.GNP.PCAP.PP.CD,3230,3410,3570,3720,3860,4040,4120,4280,4470,4600,4760,4900,5000,5110,5270,5480,5790,6170,6330,6260,6380,6610,6850,7080,7310,7570,7750
Guam,GUM,"GNI per capita, PPP (current international $)",NY.GNP.PCAP.PP.CD,,,,,,,,,,,,,,,,,,,,,,,,,,,
Guyana,GUY,"GNI per capita, PPP (current international $)",NY.GNP.PCAP.PP.CD,1270,1430,1690,2050,2380,2600,2890,3040,3050,3260,3320,3430,3560,3620,3550,3940,4680,5100,5250,5490,5700,6110,6540,6870,7200,7470,7800
High income,HIC,"GNI per capita, PPP (current international $)",NY.GNP.PCAP.PP.CD,18213.90551,19020.52271,19771.06909,20367.39899,21348.56816,22234.13417,23240.80941,24356.06098,25244.68819,26274.26984,28013.04483,28940.23705,29777.67209,30770.164,32533.94549,34155.84749,36500.19292,38056.12858,38833.5194,37851.09027,39393.3189,41072.60016,42334.08119,43738.16503,45006.45805,46170.19313,47168.89183
Hong Kong,HKG,"GNI per capita, PPP (current international $)",NY.GNP.PCAP.PP.CD,16950,18260,19650,21870,23080,23800,23750,25380,24430,25210,27180,28160,28470,30560,33720,36630,40880,44670,47440,45250,48130,51450,52050,54550,56650,58130,60090
Honduras,HND,"GNI per capita, PPP (current international $)",NY.GNP.PCAP.PP.CD,1880,1940,2020,2220,2190,2230,2290,2430,2480,2430,2560,2610,2670,2760,2920,3140,3360,3650,3780,3610,3710,3820,3920,4000,4080,4280,4410
Heavily indebted poor countries (HIPC),HPC,"GNI per capita, PPP (current international $)",NY.GNP.PCAP.PP.CD,897.7679678,898.9664403,890.7969681,902.8969098,905.3850073,935.9419553,991.7687595,1030.877355,1053.935672,1072.100432,1092.236485,1125.661663,1151.664674,1190.173763,1255.11343,1344.414741,1436.086803,1533.057011,1616.183824,1661.149087,1720.976571,1801.023854,1877.296488,1892.230089,2048.763917,2133.381538,2201.42686
Croatia,HRV,"GNI per capita, PPP (current international $)",NY.GNP.PCAP.PP.CD,,,,,,7860,8770,9370,9770,9550,10550,11110,12090,12700,13870,14550,16540,18400,19690,18820,18650,20140,20500,21220,21410,22340,22630
Haiti,HTI,"GNI per capita, PPP (current international $)",NY.GNP.PCAP.PP.CD,,,,,,,1280,1310,1330,1360,1380,1370,1360,1370,1340,1380,1440,1510,1530,1560,1480,1570,1630,1690,1750,1770,1790
Hungary,HUN,"GNI per capita, PPP (current international $)",NY.GNP.PCAP.PP.CD,,,,8290,8690,8870,9010,9320,9850,10270,11280,12570,13790,14730,15340,16100,17290,17690,19330,19620,20450,21670,22080,23730,24310,24680,25360
IBRD only,IBD,"GNI per capita, PPP (current international $)",NY.GNP.PCAP.PP.CD,2730.692243,2824.640468,2909.330366,3085.409478,3210.749152,3357.754272,3558.093836,3756.479716,3828.368243,3982.337961,4271.95445,4494.480419,4719.496776,5040.936131,5533.468397,6074.929518,6807.180623,7584.083115,8205.600222,8442.847405,9157.773603,9904.858285,10510.55034,11083.20591,11709.82759,12182.44734,12767.66825
IDA & IBRD total,IBT,"GNI per capita, PPP (current international $)",NY.GNP.PCAP.PP.CD,2436.809218,2513.77469,2582.081606,2721.734325,2823.463414,2947.278547,3114.848773,3275.499471,3332.904714,3459.184459,3689.572947,3873.13967,4053.728749,4318.034521,4736.016235,5179.229175,5782.869497,6405.370904,6899.495098,7087.09505,7653.728092,8236.843285,8713.129534,9157.632569,9659.024849,10022.47596,10464.56454
IDA total,IDA,"GNI per capita, PPP (current international $)",NY.GNP.PCAP.PP.CD,1248.333023,1269.296249,1286.1237,1294.176147,1319.830732,1372.586424,1433.629007,1469.857509,1494.549323,1540.105701,1574.82639,1645.126983,1695.625995,1789.924048,1985.161797,2126.888552,2335.41211,2484.228413,2607.60425,2690.748569,2837.884413,2961.851983,3100.429268,3220.279403,3418.635413,3534.797539,3634.692476
IDA blend,IDB,"GNI per capita, PPP (current international $)",NY.GNP.PCAP.PP.CD,1865.950926,1904.3404,1940.771436,1922.758365,1970.169822,2049.372147,2134.574955,2161.005938,2173.589837,2240.187816,2252.862156,2352.423048,2420.698571,2577.356133,2973.01022,3158.786967,3516.131873,3689.406464,3828.646951,3921.829941,4157.906069,4340.714138,4535.53882,4738.526168,5010.042347,5181.085879,5265.814952
Indonesia,IDN,"GNI per capita, PPP (current international $)",NY.GNP.PCAP.PP.CD,2670,2900,3110,3370,3680,4000,4330,4540,3820,3770,4040,4350,4590,4790,5060,5430,5860,6320,6780,7060,8040,8590,9160,9680,10160,10680,11220
IDA only,IDX,"GNI per capita, PPP (current international $)",NY.GNP.PCAP.PP.CD,922.7957057,934.7039892,941.4842159,965.928047,980.5565965,1020.43666,1070.042667,1113.424306,1146.193653,1181.678267,1230.60706,1287.172657,1330.066826,1393.070803,1483.270157,1604.779979,1736.809987,1875.588504,1992.77117,2071.621743,2172.344786,2265.418197,2375.090743,2451.057784,2612.073413,2699.594041,2809.031698
Isle of Man,IMN,"GNI per capita, PPP (current international $)",NY.GNP.PCAP.PP.CD,,,,,,,,,,,,,,,,,,,,,,,,,,,
India,IND,"GNI per capita, PPP (current international $)",NY.GNP.PCAP.PP.CD,1120,1140,1210,1270,1360,1470,1580,1640,1730,1880,1960,2070,2140,2320,2530,2810,3110,3470,3620,3900,4270,4600,4860,5190,5600,6060,6490
Not classified,INX,"GNI per capita, PPP (current international $)",NY.GNP.PCAP.PP.CD,,,,,,,,,,,,,,,,,,,,,,,,,,,
Ireland,IRL,"GNI per capita, PPP (current international $)",NY.GNP.PCAP.PP.CD,12770,13420,13910,14620,15800,17300,18800,20440,22460,23560,26300,27810,29520,31240,33380,35020,38790,40440,38330,34690,36150,36980,38030,41040,43500,53990,56920
Iran,IRN,"GNI per capita, PPP (current international $)",NY.GNP.PCAP.PP.CD,7140,8140,8470,8460,8290,8700,9040,9250,9470,9480,10170,10510,11420,12490,13180,13880,14880,16380,16570,16610,17580,18190,17050,17070,17850,17620,20010
Iraq,IRQ,"GNI per capita, PPP (current international $)",NY.GNP.PCAP.PP.CD,7340,2650,3510,4600,4730,4780,5240,6180,8170,9420,9590,9740,8870,6000,9250,9840,10890,11090,12360,12240,12600,13250,14970,15540,15380,15780,17210
Iceland,ISL,"GNI per capita, PPP (current international $)",NY.GNP.PCAP.PP.CD,21490,22060,21620,22150,23080,23530,24510,26440,28130,28980,28670,30840,32660,32400,34340,35470,36310,38750,34050,33590,32200,34550,36690,42100,43500,46660,51170
Israel,ISR,"GNI per capita, PPP (current international $)",NY.GNP.PCAP.PP.CD,14510,15350,16300,16920,18060,19220,20140,20710,21310,21630,23380,23900,24290,22940,24490,24600,25580,27460,26870,26830,28280,30160,30930,33470,33840,35580,36810
Italy,ITA,"GNI per capita, PPP (current international $)",NY.GNP.PCAP.PP.CD,18330,19180,19730,20050,20890,22010,22740,23700,24790,25480,26920,27870,28510,28940,29410,30100,32460,34020,35080,34490,34970,36250,36190,36070,36070,36430,38460
Jamaica,JAM,"GNI per capita, PPP (current international $)",NY.GNP.PCAP.PP.CD,4260,4540,4790,5580,5660,5900,6080,6070,5830,5920,6040,6150,6240,6570,6820,7040,7490,7760,7890,7450,7550,7840,8050,8110,8280,8350,8450
Jordan,JOR,"GNI per capita, PPP (current international $)",NY.GNP.PCAP.PP.CD,3850,3720,4350,4460,4580,4820,4850,5050,5210,5370,5800,6180,6450,6750,7420,8040,8660,9250,9510,9590,9210,9130,9010,8970,8960,8940,8980
Japan,JPN,"GNI per capita, PPP (current international $)",NY.GNP.PCAP.PP.CD,19620,20880,21520,22020,22590,23610,24800,25460,25360,25630,27220,27910,28560,29380,30930,32350,33970,35540,35710,34000,35900,36790,38190,40280,40580,42140,43540
Kazakhstan,KAZ,"GNI per capita, PPP (current international $)",NY.GNP.PCAP.PP.CD,,,,6980,6300,6000,6210,6500,6560,6770,7350,8660,9760,10720,11860,12920,14220,15590,15830,16370,17110,18220,19370,21250,22260,23530,22930
Kenya,KEN,"GNI per capita, PPP (current international $)",NY.GNP.PCAP.PP.CD,1470,1490,1470,1430,1470,1550,1620,1620,1660,1670,1670,1730,1720,1750,1850,1980,2110,2250,2240,2270,2420,2560,2630,2750,2850,2990,3120
Kyrgyzstan,KGZ,"GNI per capita, PPP (current international $)",NY.GNP.PCAP.PP.CD,2250,2100,1830,1580,1280,1210,1300,1410,1420,1450,1550,1690,1700,1840,1980,2030,2180,2420,2570,2640,2560,2610,2850,3040,3210,3310,3410
Cambodia,KHM,"GNI per capita, PPP (current international $)",NY.GNP.PCAP.PP.CD,,,,,,790,820,860,890,980,1050,1140,1200,1310,1460,1670,1890,2120,2260,2240,2360,2530,2710,2900,3100,3290,3510
Kiribati,KIR,"GNI per capita, PPP (current international $)",NY.GNP.PCAP.PP.CD,1540,2060,2120,2070,2110,2240,1960,2370,2660,2410,2590,2730,2620,2520,2510,2530,2570,2490,2520,2400,2470,2340,2600,2980,3670,4200,3050
St. Kitts and Nevis,KNA,"GNI per capita, PPP (current international $)",NY.GNP.PCAP.PP.CD,9060,9010,9400,10170,10810,11650,12260,13110,12820,13250,14840,15740,16100,15350,16410,18430,19390,19740,21150,20430,20110,20950,21070,22510,23940,25000,25640
South Korea,KOR,"GNI per capita, PPP (current international $)",NY.GNP.PCAP.PP.CD,8260,9330,10020,10850,11970,13240,14370,15300,14410,16200,17950,19050,20690,21290,22900,24010,25730,27740,28650,28250,30410,31410,32430,32850,33690,35300,36570
Kuwait,KWT,"GNI per capita, PPP (current international $)",NY.GNP.PCAP.PP.CD,,,,,,69680,69550,71470,71070,63440,65260,63310,62100,72300,82120,90620,97870,101140,96570,86320,79080,82080,84810,82500,81630,81000,83150
Latin America & Caribbean (excluding high income),LAC,"GNI per capita, PPP (current international $)",NY.GNP.PCAP.PP.CD,5545.589678,5889.017782,6110.147877,6717.786708,7029.437739,7036.497908,7295.557743,7677.114134,7760.641775,7773.778899,8154.543653,8251.497841,8250.281927,8442.065799,9106.712121,9782.26855,10554.49139,11428.46609,12022.58969,11820.32884,12607.98594,13384.25992,13851.15379,14315.62762,14581.91622,14491.44489,14442.54801
Lao PDR,LAO,"GNI per capita, PPP (current international $)",NY.GNP.PCAP.PP.CD,1100,1160,1210,1280,1380,1470,1570,1630,1680,1820,1890,2020,2140,2230,2440,2710,2890,3200,3420,3710,3870,4190,4590,5010,5460,5860,6270
Lebanon,LBN,"GNI per capita, PPP (current international $)",NY.GNP.PCAP.PP.CD,6190,7720,7750,8160,8800,9460,9880,9660,9940,9940,10120,10120,9720,8450,10220,10830,11330,12900,14230,15180,15910,15630,15260,14810,14380,14060,14070
Liberia,LBR,"GNI per capita, PPP (current international $)",NY.GNP.PCAP.PP.CD,,,,,,,,,410,400,540,470,480,310,330,380,430,490,530,580,590,680,670,720,710,720,700
Libya,LBY,"GNI per capita, PPP (current international $)",NY.GNP.PCAP.PP.CD,,,,,,,,,,,,,17230,19700,20240,23050,25490,27300,28070,27770,29020,11210,,,,,
St. Lucia,LCA,"GNI per capita, PPP (current international $)",NY.GNP.PCAP.PP.CD,5850,5960,6550,6590,6780,6920,7220,7170,7580,7820,7870,7620,7820,8170,8820,8990,10090,10390,10980,11100,11230,11950,11860,12030,11580,11870,12030
Latin America & Caribbean,LCN,"GNI per capita, PPP (current international $)",NY.GNP.PCAP.PP.CD,5573.894244,5921.076228,6159.394641,6761.693562,7079.486218,7118.431634,7396.552879,7791.553188,7892.127256,7914.208879,8302.543424,8411.968668,8419.783257,8617.729928,9299.339769,9983.376195,10803.98721,11692.09387,12273.37998,12069.09283,12885.87451,13698.21182,14198.31483,14685.85541,14963.5622,14879.93588,14846.87652
Least developed countries: UN classification,LDC,"GNI per capita, PPP (current international $)",NY.GNP.PCAP.PP.CD,831.4266942,836.0733133,828.5469114,843.5866352,852.7282593,911.0446311,956.1798483,1000.190508,1027.737523,1055.872372,1107.761359,1162.519253,1201.24272,1260.11292,1343.555702,1460.681254,1596.505073,1748.696493,1865.451056,1952.685423,2042.866115,2126.018873,2220.583973,2281.736632,2432.409006,2504.808405,2593.112242
Low income,LIC,"GNI per capita, PPP (current international $)",NY.GNP.PCAP.PP.CD,707.0368924,716.0688414,690.8733375,697.5720227,699.851619,723.4743523,770.4151745,788.7320821,799.6335281,817.503893,835.3155219,865.7900952,874.3883034,895.2320141,944.1562748,1006.989632,1067.305374,1140.281613,1188.238968,1237.238435,1293.238952,1357.641758,1421.94185,1487.807212,1561.473385,1612.50089,1665.677094
Liechtenstein,LIE,"GNI per capita, PPP (current international $)",NY.GNP.PCAP.PP.CD,,,,,,,,,,,,,,,,,,,,,,,,,,,
Sri Lanka,LKA,"GNI per capita, PPP (current international $)",NY.GNP.PCAP.PP.CD,2320,2470,2630,2850,3030,3210,3370,3630,3810,4000,4310,4310,4530,4890,5250,5700,6260,6840,7240,7600,8270,9100,9980,10380,11020,11620,12200
Lower middle income,LMC,"GNI per capita, PPP (current international $)",NY.GNP.PCAP.PP.CD,1742.21012,1778.320214,1822.999392,1863.919316,1939.830422,2050.898448,2173.612317,2260.831251,2267.146277,2367.693307,2482.426376,2624.040695,2726.916894,2905.306619,3166.970171,3430.89308,3768.24013,4109.137904,4324.35899,4513.531021,4878.28035,5167.307964,5446.850712,5737.288956,6091.88087,6434.742209,6771.516019
Low & middle income,LMY,"GNI per capita, PPP (current international $)",NY.GNP.PCAP.PP.CD,2393.108197,2467.378245,2532.490825,2668.767079,2764.615959,2882.868123,3044.746183,3199.311242,3252.110446,3376.602001,3602.833245,3783.799183,3961.102558,4224.715554,4638.624552,5078.05275,5671.417656,6285.656602,6771.361929,6957.785244,7512.920812,8084.191689,8555.218558,8995.034289,9495.038043,9857.508704,10299.45919
Lesotho,LSO,"GNI per capita, PPP (current international $)",NY.GNP.PCAP.PP.CD,1430,1480,1510,1510,1570,1590,1680,1730,1710,1760,1800,2140,2180,2270,2260,2260,2320,2710,2860,2830,2940,2960,3080,3100,3110,3210,3340
Late-demographic dividend,LTE,"GNI per capita, PPP (current international $)",NY.GNP.PCAP.PP.CD,2770.071811,2887.790796,2950.100991,3133.771063,3310.222969,3519.300952,3737.224568,3956.295435,4040.017879,4240.714695,4628.46062,4947.512771,5304.326315,5770.181785,6388.385398,7060.988063,8058.688292,9102.401277,10028.3242,10383.93799,11302.009,12418.77005,13362.63127,14185.37203,15043.37388,15683.33127,16422.65732
Lithuania,LTU,"GNI per capita, PPP (current international $)",NY.GNP.PCAP.PP.CD,,,,,,5910,6310,6930,7580,7640,8300,9330,10380,11770,12780,14330,16170,18370,20040,18480,19740,22020,23910,25970,27810,27610,28680
Luxembourg,LUX,"GNI per capita, PPP (current international $)",NY.GNP.PCAP.PP.CD,28830,32170,32890,33960,34220,37600,38900,41370,41810,46370,49170,50470,49830,49090,58830,63170,63630,72880,71800,55870,61980,64050,63710,63840,65770,67970,69640
Latvia,LVA,"GNI per capita, PPP (current international $)",NY.GNP.PCAP.PP.CD,,,,,,5550,5830,6530,7120,7330,8010,9070,10090,10970,11970,13700,15360,17590,19180,18060,17800,19770,21110,22670,23790,24400,25530
Macao,MAC,"GNI per capita, PPP (current international $)",NY.GNP.PCAP.PP.CD,26430,27560,31220,32650,33950,34660,33810,33520,31450,29900,30870,34410,37090,40560,49750,53620,58810,74950,69530,70380,85790,101000,107980,117970,117780,98320,96570
St. Martin,MAF,"GNI per capita, PPP (current international $)",NY.GNP.PCAP.PP.CD,,,,,,,,,,,,,,,,,,,,,,,,,,,
Morocco,MAR,"GNI per capita, PPP (current international $)",NY.GNP.PCAP.PP.CD,2460,2670,2630,2610,2920,2760,3140,3100,3340,3390,3480,3780,3930,4200,4490,4750,5200,5480,5850,6000,6230,6580,6780,7140,7270,7620,7710
Monaco,MCO,"GNI per capita, PPP (current international $)",NY.GNP.PCAP.PP.CD,,,,,,,,,,,,,,,,,,,,,,,,,,,
Moldova,MDA,"GNI per capita, PPP (current international $)",NY.GNP.PCAP.PP.CD,,,,,,1870,1880,1940,1830,1790,1870,2130,2340,2680,2990,3300,3570,3700,4090,3730,4150,4520,4700,5210,5520,5410,5670
Madagascar,MDG,"GNI per capita, PPP (current international $)",NY.GNP.PCAP.PP.CD,1030,940,960,980,960,970,990,1020,1050,1090,1120,1190,1020,1110,1160,1220,1280,1370,1460,1360,1340,1350,1350,1370,1400,1410,1440
Maldives,MDV,"GNI per capita, PPP (current international $)",NY.GNP.PCAP.PP.CD,,,,,,,,,,,,3000,3130,8620,9200,8040,10180,9570,10720,9930,10350,14080,14060,15110,15830,15780,16710
Middle East & North Africa,MEA,"GNI per capita, PPP (current international $)",NY.GNP.PCAP.PP.CD,7796.171122,8099.747324,8511.916504,8705.941398,8791.374615,9031.890705,9343.284943,9648.16448,10125.50613,10233.40424,10785.83593,11054.87131,11142.51564,11678.00394,12717.59519,13491.32073,14467.19665,15398.85929,16000.12525,15838.13473,16371.70376,16849.69279,17271.34576,17721.78575,18212.31324,18679.62767,19566.34136
Mexico,MEX,"GNI per capita, PPP (current international $)",NY.GNP.PCAP.PP.CD,5840,6200,6450,8280,8660,7700,8100,8750,9090,9590,10200,10220,10290,10530,11180,11990,13010,13920,14520,14210,14910,15960,16420,16440,17130,16860,17160
Marshall Islands,MHL,"GNI per capita, PPP (current international $)",NY.GNP.PCAP.PP.CD,,,,,,3250,2830,2730,2760,2810,3040,3270,3340,3380,3490,3740,3860,4090,4070,4000,4120,4280,4270,4580,4920,5400,5370
Middle income,MIC,"GNI per capita, PPP (current international $)",NY.GNP.PCAP.PP.CD,2532.220416,2613.278524,2687.163849,2836.044262,2941.807752,3070.502536,3244.997562,3413.945923,3473.230103,3610.266597,3858.652499,4057.442336,4254.701238,4546.107037,5000.613569,5483.068401,6136.241679,6813.021698,7352.327876,7562.533025,8180.668681,8817.758054,9345.570503,9840.146746,10402.41857,10815.51657,11318.43353
Macedonia,MKD,"GNI per capita, PPP (current international $)",NY.GNP.PCAP.PP.CD,5190,5070,4740,4540,4600,4660,4780,4890,5090,5320,6010,5990,6230,6420,7040,7620,8550,8810,10290,10830,11130,11400,11580,12360,13120,13330,14310
Mali,MLI,"GNI per capita, PPP (current international $)",NY.GNP.PCAP.PP.CD,820,930,890,920,940,940,1000,1030,1100,1150,1150,1270,1270,1410,1420,1520,1580,1640,1700,1730,1760,1810,1760,1800,1910,1980,2050
Malta,MLT,"GNI per capita, PPP (current international $)",NY.GNP.PCAP.PP.CD,10040,10600,11090,11630,12210,13060,13710,15160,15590,17130,19010,19820,20670,20820,21360,21520,22390,24110,25530,24350,26380,27680,28260,29890,32180,34450,35710
Myanmar,MMR,"GNI per capita, PPP (current international $)",NY.GNP.PCAP.PP.CD,480,490,540,580,630,680,720,770,810,900,1040,1160,1310,1510,1740,2020,2340,2680,2990,3310,3650,3900,4060,4460,4770,5160,5530
Middle East & North Africa (excluding high income),MNA,"GNI per capita, PPP (current international $)",NY.GNP.PCAP.PP.CD,5097.503325,5037.702637,5278.042996,5385.203173,5443.280287,5632.068138,5910.519505,6157.102528,6543.653577,6788.877904,7145.722184,7427.341184,7660.833247,7873.406084,8568.160272,9090.585331,9778.40217,10517.30102,10953.88526,11058.42753,11491.55341,11405.91816,11471.4191,11677.57203,12001.05058,12125.22557,12976.37285
Montenegro,MNE,"GNI per capita, PPP (current international $)",NY.GNP.PCAP.PP.CD,,,,,,,,,,,6300,7120,7500,7760,8240,8410,10520,12550,14020,13050,13550,14590,14100,15160,15580,16690,17870
Mongolia,MNG,"GNI per capita, PPP (current international $)",NY.GNP.PCAP.PP.CD,3250,3070,2760,2680,2810,3040,3160,3310,3470,3600,3670,3840,4040,4350,4890,5270,5880,6490,7050,6830,6940,8150,9200,10470,10960,11160,11420
Northern Mariana Islands,MNP,"GNI per capita, PPP (current international $)",NY.GNP.PCAP.PP.CD,,,,,,,,,,,,,,,,,,,,,,,,,,,
Mozambique,MOZ,"GNI per capita, PPP (current international $)",NY.GNP.PCAP.PP.CD,240,250,230,240,260,260,330,370,400,430,430,480,470,550,580,630,670,730,780,840,870,940,1010,1070,1120,1170,1190
Mauritania,MRT,"GNI per capita, PPP (current international $)",NY.GNP.PCAP.PP.CD,1710,1780,1800,1880,1810,1980,2220,2090,2120,2250,2200,2150,2290,2390,2520,2740,3090,3190,3240,3200,3200,3270,3400,3580,3740,3690,3760
Mauritius,MUS,"GNI per capita, PPP (current international $)",NY.GNP.PCAP.PP.CD,4730,5110,5500,5830,6070,6420,6790,7260,7680,7910,8720,9170,9440,9820,10640,11060,12390,13650,14470,14750,15800,16610,17470,18280,18710,19940,20990
Malawi,MWI,"GNI per capita, PPP (current international $)",NY.GNP.PCAP.PP.CD,470,520,490,550,490,580,630,650,660,660,670,640,640,680,710,740,780,850,910,960,1000,1040,1040,1070,1110,1120,1140
Malaysia,MYS,"GNI per capita, PPP (current international $)",NY.GNP.PCAP.PP.CD,6530,7140,7720,8520,9270,10150,11080,11710,10690,11060,11880,12060,12740,13640,14710,15810,17160,19080,19560,19060,20020,21300,22160,23230,24600,25880,26900
North America,NAC,"GNI per capita, PPP (current international $)",NY.GNP.PCAP.PP.CD,23294.79597,23703.59907,24636.99571,25458.28431,26783.39811,27956.97715,29297.89623,30895.12766,32446.56323,34055.22745,36100.09741,37013.766,37754.50584,39117.08057,41350.83567,43824.75446,46414.0064,47484.66353,47762.81656,46350.98662,47929.23954,49723.18156,51715.13782,52941.00911,55008.47841,56486.87923,57225.13247
Namibia,NAM,"GNI per capita, PPP (current international $)",NY.GNP.PCAP.PP.CD,3750,4120,4250,4210,4230,4470,4460,4580,4670,4650,4880,4920,5210,5670,6260,6360,7010,7490,7760,7710,7970,8490,8770,9510,10090,10560,10380
New Caledonia,NCL,"GNI per capita, PPP (current international $)",NY.GNP.PCAP.PP.CD,,,,,,,,,,,,,,,,,,,,,,,,,,,
Niger,NER,"GNI per capita, PPP (current international $)",NY.GNP.PCAP.PP.CD,560,580,540,540,550,560,570,580,620,610,590,630,630,650,650,680,710,730,780,750,790,800,860,880,930,940,970
Nigeria,NGA,"GNI per capita, PPP (current international $)",NY.GNP.PCAP.PP.CD,1780,1790,1770,1710,1760,1850,1960,2000,1970,2060,1960,2130,2170,2350,3150,3250,3890,3980,4200,4340,4780,4970,5180,5390,5760,5880,5740
Nicaragua,NIC,"GNI per capita, PPP (current international $)",NY.GNP.PCAP.PP.CD,1900,1520,1420,1480,1780,1960,2110,2230,2350,2510,2630,2710,2760,2850,3060,3280,3430,3680,3930,3780,3940,4230,4530,4770,5030,5280,5530
Netherlands,NLD,"GNI per capita, PPP (current international $)",NY.GNP.PCAP.PP.CD,18730,19760,20320,21070,22170,23410,24560,25900,27190,29280,32100,32640,33840,34000,35860,37020,41230,43860,44990,44080,44900,46910,47670,49350,48480,49250,49930
Norway,NOR,"GNI per capita, PPP (current international $)",NY.GNP.PCAP.PP.CD,17930,18940,20160,21070,22610,24030,26490,28300,27850,30300,36460,37850,38070,38770,42580,48300,54130,55690,61400,55700,58560,62640,65920,67670,68310,64820,61920
Nepal,NPL,"GNI per capita, PPP (current international $)",NY.GNP.PCAP.PP.CD,780,830,860,890,960,990,1030,1080,1100,1150,1220,1290,1280,1340,1420,1500,1590,1680,1790,1880,1960,2040,2160,2260,2420,2500,2520
Nauru,NRU,"GNI per capita, PPP (current international $)",NY.GNP.PCAP.PP.CD,,,,,,,,,,,,,,,,,,5190,5510,6620,7520,8160,9650,12750,15760,16190,17510
New Zealand,NZL,"GNI per capita, PPP (current international $)",NY.GNP.PCAP.PP.CD,14250,13580,13950,14810,15930,16780,17090,17990,18440,19350,20290,21380,22130,22830,23670,24020,25900,27290,27700,29440,29710,31250,31610,34740,35730,36090,37190
OECD members,OED,"GNI per capita, PPP (current international $)",NY.GNP.PCAP.PP.CD,16539.46502,17193.051,17813.30826,18465.16858,19308.05392,20023.45245,20949.00548,21974.96846,22794.1324,23726.84133,25293.40511,26089.51916,26850.6983,27623.96087,29161.13913,30599.05482,32721.18898,34107.85857,34836.82459,33957.30904,35349.94216,36855.83642,37932.73446,39154.57178,40316.48226,41245.86119,42106.70365
Oman,OMN,"GNI per capita, PPP (current international $)",NY.GNP.PCAP.PP.CD,22060,23370,24350,25330,25870,27130,27970,29920,30700,31110,33500,35470,34420,34270,35150,35490,34800,39590,41210,41510,41710,39560,41270,41610,40080,41330,
Other small states,OSS,"GNI per capita, PPP (current international $)",NY.GNP.PCAP.PP.CD,,,,,,,,,,,,,,,12315.71649,13099.80453,15289.98099,16993.59255,18187.36713,17892.45357,19058.26909,20945.58333,21786.9417,22584.23149,23101.38224,24013.40556,
Pakistan,PAK,"GNI per capita, PPP (current international $)",NY.GNP.PCAP.PP.CD,2060,2130,2260,2290,2350,2470,2540,2530,2560,2630,2740,2790,2920,3130,3350,3650,3900,4110,4190,4280,4360,4500,4680,4860,5080,5310,5560
Panama,PAN,"GNI per capita, PPP (current international $)",NY.GNP.PCAP.PP.CD,4880,5250,5770,6240,6500,6490,6770,7110,7540,7700,8050,8080,8500,8600,9180,9930,10940,12400,13710,13650,13970,16080,17510,18560,19820,20210,20980
Peru,PER,"GNI per capita, PPP (current international $)",NY.GNP.PCAP.PP.CD,3220,3430,3420,3580,4050,4350,4540,4850,4860,4930,5090,5200,5460,5670,5930,6340,6810,7520,8340,8450,9040,9670,10450,11250,11620,12100,12480
Philippines,PHL,"GNI per capita, PPP (current international $)",NY.GNP.PCAP.PP.CD,2550,2590,2630,2700,2840,2980,3160,3360,3580,3650,3920,4080,4220,4400,4720,5040,5340,5710,5990,6210,6610,6840,7350,7930,8390,8850,9390
Palau,PLW,"GNI per capita, PPP (current international $)",NY.GNP.PCAP.PP.CD,,10940,10190,9240,9430,10730,11830,12000,11740,11500,9910,10450,11110,10770,11980,12390,12340,12500,11860,11200,11800,12250,12940,12340,13400,14230,14840
Papua New Guinea,PNG,"GNI per capita, PPP (current international $)",NY.GNP.PCAP.PP.CD,1480,1640,1750,2070,2220,2170,2240,2190,2070,2060,2040,1990,1980,1930,2030,2230,2230,2540,2580,2720,3000,3060,3180,3290,3740,4040,4140
Poland,POL,"GNI per capita, PPP (current international $)",NY.GNP.PCAP.PP.CD,,5600,5790,6170,6840,7410,8050,8770,9350,9880,10610,11080,11740,12140,12920,13650,14820,16220,17970,18700,20380,22110,23090,23970,24730,25690,26300
Pre-demographic dividend,PRE,"GNI per capita, PPP (current international $)",NY.GNP.PCAP.PP.CD,1468.187646,1257.784992,1256.408847,1271.951997,1282.366322,1351.814608,1437.943707,1527.086882,1628.04355,1713.022991,1710.509822,1781.498463,1766.150448,1716.220026,2083.895213,2211.199536,2485.314079,2614.322238,2774.413723,2837.241292,2980.574216,3096.887563,3260.602417,3326.619073,3518.16603,3605.698685,3669.51585
Puerto Rico,PRI,"GNI per capita, PPP (current international $)",NY.GNP.PCAP.PP.CD,10150,10650,10960,11590,12040,12660,13090,13870,14230,15440,16500,16970,17170,17660,20060,20590,21310,22220,22120,21650,21720,22390,23640,24310,24760,25350,25200
North Korea,PRK,"GNI per capita, PPP (current international $)",NY.GNP.PCAP.PP.CD,,,,,,,,,,,,,,,,,,,,,,,,,,,
Portugal,PRT,"GNI per capita, PPP (current international $)",NY.GNP.PCAP.PP.CD,11770,12750,13250,13280,13600,14500,14960,15730,16590,17630,18520,19160,20010,20580,21160,22390,23880,24880,25590,25500,26420,26260,25810,27520,28250,28720,29940
Paraguay,PRY,"GNI per capita, PPP (current international $)",NY.GNP.PCAP.PP.CD,,,,,,4360,4650,4660,4610,4490,4170,4220,4330,4130,4410,4590,5080,5740,6220,5850,6640,7120,6940,8020,8490,8690,9050
West Bank and Gaza Strip,PSE,"GNI per capita, PPP (current international $)",NY.GNP.PCAP.PP.CD,,,,,2190,2310,2390,2910,3740,4360,3720,3350,3220,3510,3780,4300,4180,4160,3820,4340,4360,4670,5310,5090,5070,5700,5680
Pacific island small states,PSS,"GNI per capita, PPP (current international $)",NY.GNP.PCAP.PP.CD,2608.008612,2654.310097,2784.216947,2838.044407,2953.849888,3132.229129,3235.43899,3347.101142,3383.669364,3568.388939,3673.198321,3720.54429,3855.113836,3910.56313,4160.374055,4333.145733,4364.75178,4471.425143,4537.269605,4458.925657,4519.481662,4717.48026,4868.754559,5176.830075,5328.413845,5627.313287,5640.646636
Post-demographic dividend,PST,"GNI per capita, PPP (current international $)",NY.GNP.PCAP.PP.CD,17765.52326,18449.65611,19075.26967,19570.03466,20457.51008,21297.56393,22265.07246,23347.01833,24207.58248,25266.97111,26966.31898,27946.14485,28838.89227,29771.07174,31455.41875,33019.81727,35293.17129,36777.54936,37525.76595,36551.00055,38011.21003,39523.90353,40675.9656,42006.73155,43200.00362,44197.12833,45186.85082
French Polynesia,PYF,"GNI per capita, PPP (current international $)",NY.GNP.PCAP.PP.CD,,,,,,,,,,,,,,,,,,,,,,,,,,,
Qatar,QAT,"GNI per capita, PPP (current international $)",NY.GNP.PCAP.PP.CD,,,,,,,,,,,,,,,93330,85220,102970,106010,108270,102410,109930,119120,119330,120290,121340,124760,
Romania,ROU,"GNI per capita, PPP (current international $)",NY.GNP.PCAP.PP.CD,5240,4780,4480,4660,4950,5420,5730,5550,5510,5560,5840,6540,7110,7640,8760,9440,11300,13000,15880,15740,16900,17800,18660,19430,20350,21060,22370
Russia,RUS,"GNI per capita, PPP (current international $)",NY.GNP.PCAP.PP.CD,8000,7820,6790,6350,5710,5560,5440,5580,5220,5680,6650,7270,7880,8970,10010,11540,14480,16280,19600,18760,19860,23600,24990,25330,24960,24030,24120
Rwanda,RWA,"GNI per capita, PPP (current international $)",NY.GNP.PCAP.PP.CD,560,570,650,650,350,490,540,590,600,590,620,660,740,750,820,910,1000,1090,1190,1250,1320,1410,1520,1560,1660,1780,1860
South Asia,SAS,"GNI per capita, PPP (current international $)",NY.GNP.PCAP.PP.CD,1191.452527,1223.392034,1293.272636,1353.179896,1434.445471,1535.941509,1635.985344,1692.315287,1770.01119,1899.494483,1979.820862,2075.926796,2156.989093,2324.799427,2523.510259,2785.683496,3068.165585,3387.87736,3530.588322,3772.582544,4087.148834,4379.731764,4632.621175,4920.440014,5280.665342,5673.993562,6053.751605
Saudi Arabia,SAU,"GNI per capita, PPP (current international $)",NY.GNP.PCAP.PP.CD,28490,32180,32950,32650,32250,32560,32830,33090,34080,32760,34300,33950,32480,35670,38550,40880,42210,43170,45630,43920,45100,49220,51240,52020,53470,55590,55750
Sudan,SDN,"GNI per capita, PPP (current international $)",NY.GNP.PCAP.PP.CD,1040,1050,1140,1220,1260,1340,1440,1590,1630,1640,1710,1790,1890,1980,2060,2240,2500,2770,2970,2990,3040,3480,3820,2700,3980,4150,4290
Senegal,SEN,"GNI per capita, PPP (current international $)",NY.GNP.PCAP.PP.CD,1150,1180,1200,1200,1180,1250,1280,1310,1380,1440,1490,1550,1540,1650,1750,1860,1920,2010,2070,2060,2110,2120,2180,2220,2270,2370,2480
Singapore,SGP,"GNI per capita, PPP (current international $)",NY.GNP.PCAP.PP.CD,21970,23420,25290,27550,30940,32980,34180,37390,35550,37860,40730,39980,41180,44210,47330,51520,57870,62430,60580,58790,70240,73010,74580,78610,82260,82310,85020
Solomon Islands,SLB,"GNI per capita, PPP (current international $)",NY.GNP.PCAP.PP.CD,790,890,940,890,970,1030,1000,1610,1610,1590,1370,1260,1200,1270,1360,1430,1550,1530,1490,1200,1290,1490,1870,2090,2020,2170,2140
Sierra Leone,SLE,"GNI per capita, PPP (current international $)",NY.GNP.PCAP.PP.CD,720,780,630,690,650,660,700,670,660,660,700,650,790,850,880,910,960,1110,1200,1240,1210,1230,1470,1700,1740,1380,1320
El Salvador,SLV,"GNI per capita, PPP (current international $)",NY.GNP.PCAP.PP.CD,2850,3010,3290,3580,3840,4130,4230,4420,4600,4750,4950,5110,5260,5430,5650,6020,6450,6850,7070,6810,6970,7230,7380,7580,7770,8000,8220
San Marino,SMR,"GNI per capita, PPP (current international $)",NY.GNP.PCAP.PP.CD,,,,,,,,,,,,,,,,,,,,,,,,,,,
Somalia,SOM,"GNI per capita, PPP (current international $)",NY.GNP.PCAP.PP.CD,,,,,,,,,,,,,,,,,,,,,,,,,,,
Serbia,SRB,"GNI per capita, PPP (current international $)",NY.GNP.PCAP.PP.CD,,,,,,,,5570,5770,5150,5730,6150,6770,7150,8000,8600,9480,10260,11590,11640,11810,12670,12660,13190,13210,13210,13700
Sub-Saharan Africa (excluding high income),SSA,"GNI per capita, PPP (current international $)",NY.GNP.PCAP.PP.CD,1545.590545,1551.214049,1507.75931,1496.638016,1516.037068,1591.13671,1672.039156,1725.911916,1732.800445,1763.551426,1777.981447,1850.596794,1887.758558,1959.560044,2192.706036,2327.544781,2572.408821,2714.535178,2833.293344,2878.72578,3016.0103,3133.643258,3237.469805,3314.603408,3509.227622,3593.079772,3603.115354
South Sudan,SSD,"GNI per capita, PPP (current international $)",NY.GNP.PCAP.PP.CD,,,,,,,,,,,,,,,,,,,2520,2620,2610,2240,1770,1900,1860,1700,
Sub-Saharan Africa,SSF,"GNI per capita, PPP (current international $)",NY.GNP.PCAP.PP.CD,1546.584339,1552.25894,1508.909386,1497.867331,1517.265217,1592.292273,1673.254366,1727.293428,1734.268576,1765.019887,1779.450179,1852.057649,1889.094121,1960.85213,2194.048621,2329.028759,2574.036464,2716.184008,2834.841453,2880.258508,3017.628157,3135.373923,3239.345372,3316.588897,3511.223217,3595.130008,3605.387459
Small states,SST,"GNI per capita, PPP (current international $)",NY.GNP.PCAP.PP.CD,,,,,,,,,,,,9869.54483,10263.23577,10798.4875,11399.85417,12127.59658,13980.8427,15395.90369,16386.19817,16076.02102,17028.50736,18441.80817,19173.31992,19934.34421,20384.18229,21201.24516,
Sao Tome and Principe,STP,"GNI per capita, PPP (current international $)",NY.GNP.PCAP.PP.CD,,,,,,,,,,,,1560,1590,1720,1780,1940,2230,2330,2430,2450,2600,2700,2720,2910,3100,3130,3250
Suriname,SUR,"GNI per capita, PPP (current international $)",NY.GNP.PCAP.PP.CD,6660,6930,6990,6650,6800,6980,7150,7500,7600,7160,7700,6290,7730,8230,8970,10170,11240,12240,12940,13230,13590,14010,14820,15550,15880,15640,14460
Slovakia,SVK,"GNI per capita, PPP (current international $)",NY.GNP.PCAP.PP.CD,,,,,,8690,9430,10070,10610,10640,11300,12380,13240,13430,14590,16160,18300,20530,23250,22900,24430,24900,26140,27640,28370,28960,29670
Slovenia,SVN,"GNI per capita, PPP (current international $)",NY.GNP.PCAP.PP.CD,,,,,,13700,14390,15340,16080,17140,18080,19030,20210,20980,22550,23800,25530,27060,28940,27100,27510,28580,28640,29370,30590,30540,31690
Sweden,SWE,"GNI per capita, PPP (current international $)",NY.GNP.PCAP.PP.CD,19900,20050,19900,19720,21130,22420,23260,24150,25310,27090,29280,29670,30650,32060,33770,34480,38460,41870,43380,40670,42850,44720,45830,46720,47560,48410,49420
Swaziland,SWZ,"GNI per capita, PPP (current international $)",NY.GNP.PCAP.PP.CD,3660,3770,3910,3930,3850,4280,4580,4690,4560,4770,4720,5050,4990,5140,5550,6340,6500,6910,6890,6790,6780,7280,7630,8220,8290,8340,8310
St. Martin,SXM,"GNI per capita, PPP (current international $)",NY.GNP.PCAP.PP.CD,,,,,,,,,,,,,,,,,,,,,,,,,,,
Seychelles,SYC,"GNI per capita, PPP (current international $)",NY.GNP.PCAP.PP.CD,8860,9350,10280,10930,10950,10580,11240,12760,13530,13650,13870,14200,13140,13270,14320,16030,17690,18380,17630,17880,18840,20990,22930,24350,24900,25670,28380
Syria,SYR,"GNI per capita, PPP (current international $)",NY.GNP.PCAP.PP.CD,,,,,,,,,,,,,,,,,,,,,,,,,,,
Turks and Caicos Islands,TCA,"GNI per capita, PPP (current international $)",NY.GNP.PCAP.PP.CD,,,,,,,,,,,,,,,,,,,,,,,,,,,
Chad,TCD,"GNI per capita, PPP (current international $)",NY.GNP.PCAP.PP.CD,710,780,840,680,750,760,760,780,830,800,780,850,890,860,1150,1350,1340,1410,1400,1630,1820,1820,1950,1980,2090,2110,1950
East Asia & Pacific (IDA & IBRD countries),TEA,"GNI per capita, PPP (current international $)",NY.GNP.PCAP.PP.CD,1407.798813,1544.506427,1718.855037,1922.78622,2149.096294,2355.368896,2580.374097,2772.416628,2790.449378,2964.623338,3244.074568,3513.165871,3821.539987,4200.007212,4662.31572,5199.400972,5905.127378,6760.671695,7428.388837,7944.686911,8797.170159,9620.780263,10487.77467,11276.33525,12213.64528,13022.83186,13913.58586
Europe & Central Asia (IDA & IBRD countries),TEC,"GNI per capita, PPP (current international $)",NY.GNP.PCAP.PP.CD,6346.912042,6167.733458,5673.588991,5503.134423,5109.663144,5144.671663,5268.450542,5508.296051,5568.12229,5758.341221,6398.260751,6792.745915,7264.093696,7908.834155,8818.766707,9793.446128,11530.04614,12839.75333,14654.21256,14253.59069,15308.99317,17273.96862,18177.62485,18872.92442,19388.77031,19352.8461,19633.03828
Togo,TGO,"GNI per capita, PPP (current international $)",NY.GNP.PCAP.PP.CD,860,860,820,700,770,850,930,1040,1000,1000,990,970,960,1000,1020,1030,1080,1110,1010,1020,1030,1050,1090,1110,1240,1300,1370
Thailand,THA,"GNI per capita, PPP (current international $)",NY.GNP.PCAP.PP.CD,4240,4690,5100,5630,6150,6710,7090,6900,6310,6680,7140,7420,7870,8490,9190,9800,10630,11480,11860,11770,12660,13210,14040,14320,14800,15380,16070
Tajikistan,TJK,"GNI per capita, PPP (current international $)",NY.GNP.PCAP.PP.CD,2360,2210,1580,1310,1020,890,720,770,810,830,900,990,1090,1200,1360,1470,1580,1740,1890,1930,2550,2820,3020,3320,3310,3360,3500
Turkmenistan,TKM,"GNI per capita, PPP (current international $)",NY.GNP.PCAP.PP.CD,,,,4430,3750,3380,3600,3280,3430,3950,3970,4330,4380,4630,4930,5380,6350,7150,8040,8400,8920,10130,11280,12540,13910,15220,16060
Latin America & the Caribbean (IDA & IBRD countries),TLA,"GNI per capita, PPP (current international $)",NY.GNP.PCAP.PP.CD,5575.820564,5924.321981,6163.253451,6769.319276,7086.647242,7117.446391,7393.277055,7788.778734,7886.080624,7897.027825,8280.85356,8386.711603,8391.594022,8587.44932,9259.304592,9946.55148,10770.45707,11661.08425,12248.34368,12044.12883,12867.65095,13683.22573,14178.88159,14666.30879,14943.48362,14855.09539,14821.73036
Timor-Leste,TLS,"GNI per capita, PPP (current international $)",NY.GNP.PCAP.PP.CD,,,,,,,,,,,1650,1710,1910,1560,1550,1900,2960,4190,6610,4860,6050,7720,8010,6450,4900,3690,3380
Middle East & North Africa (IDA & IBRD countries),TMN,"GNI per capita, PPP (current international $)",NY.GNP.PCAP.PP.CD,5123.344438,5064.143989,5306.780684,5415.660782,5475.281082,5665.51679,5946.763382,6190.922228,6572.516768,6813.457123,7181.796402,7471.060383,7709.0927,7921.156234,8620.925811,9143.715027,9841.176889,10589.16504,11035.55419,11135.95615,11574.73459,11485.30007,11544.48396,11756.73778,12085.34278,12203.89313,13067.01429
Tonga,TON,"GNI per capita, PPP (current international $)",NY.GNP.PCAP.PP.CD,2370,2580,2620,2770,3080,3170,3230,3270,3440,3520,3630,3820,4090,4190,4280,4400,4550,4480,4660,4830,5040,5250,5380,5250,5330,5580,5780
South Asia (IDA & IBRD),TSA,"GNI per capita, PPP (current international $)",NY.GNP.PCAP.PP.CD,1191.452527,1223.392034,1293.272636,1353.179896,1434.445471,1535.941509,1635.985344,1692.315287,1770.01119,1899.494483,1979.820862,2075.926796,2156.989093,2324.799427,2523.510259,2785.683496,3068.165585,3387.87736,3530.588322,3772.582544,4087.148834,4379.731764,4632.621175,4920.440014,5280.665342,5673.993562,6053.751605
Sub-Saharan Africa (IDA & IBRD countries),TSS,"GNI per capita, PPP (current international $)",NY.GNP.PCAP.PP.CD,1546.584339,1552.25894,1508.909386,1497.867331,1517.265217,1592.292273,1673.254366,1727.293428,1734.268576,1765.019887,1779.450179,1852.057649,1889.094121,1960.85213,2194.048621,2329.028759,2574.036464,2716.184008,2834.841453,2880.258508,3017.628157,3135.373923,3239.345372,3316.588897,3511.223217,3595.130008,3605.387459
Trinidad and Tobago,TTO,"GNI per capita, PPP (current international $)",NY.GNP.PCAP.PP.CD,7300,7490,7480,7630,8080,8560,9300,10400,11480,12540,13400,14480,15930,18370,20930,22420,25940,27940,29340,27870,29140,27260,27630,30200,30130,32180,31770
Tunisia,TUN,"GNI per capita, PPP (current international $)",NY.GNP.PCAP.PP.CD,3510,3650,3920,3950,4110,4260,4550,4860,5100,5440,5740,6060,6180,6570,7100,7440,8040,8650,9050,9400,9750,9640,10150,10460,10900,11090,11150
Turkey,TUR,"GNI per capita, PPP (current international $)",NY.GNP.PCAP.PP.CD,6040,6190,6610,7200,6780,7350,7890,8490,8990,8640,9440,8990,9150,9430,10710,11760,13470,14710,15890,15300,17300,19490,20480,22110,23820,24570,24980
Tuvalu,TUV,"GNI per capita, PPP (current international $)",NY.GNP.PCAP.PP.CD,,,,,,,,,,,,4730,5830,4050,4470,4420,4440,5170,5140,5280,4710,4750,4050,5050,4580,6030,5920
Tanzania,TZA,"GNI per capita, PPP (current international $)",NY.GNP.PCAP.PP.CD,910,930,930,930,940,970,1020,1040,1070,1110,1160,1200,1300,1370,1470,1590,1690,1810,1890,1940,2030,2170,2240,2370,2500,2610,2740
Uganda,UGA,"GNI per capita, PPP (current international $)",NY.GNP.PCAP.PP.CD,490,520,520,570,600,660,710,740,770,810,820,840,900,950,1000,1060,1170,1270,1360,1410,1460,1580,1600,1630,1680,1740,1790
Ukraine,UKR,"GNI per capita, PPP (current international $)",NY.GNP.PCAP.PP.CD,6920,6520,5880,5040,4060,3630,3370,3350,3330,3380,3690,4210,4560,5150,5970,6380,7070,7890,8320,7090,7550,8090,8330,8480,8570,7850,8190
Upper middle income,UMC,"GNI per capita, PPP (current international $)",NY.GNP.PCAP.PP.CD,3282.417002,3412.318216,3521.030607,3782.906551,3925.705503,4079.683479,4313.892563,4573.084639,4694.763701,4878.956627,5275.406815,5546.388374,5856.106281,6281.781592,6957.684101,7692.506082,8707.509686,9774.424996,10696.23646,10958.89923,11890.00569,12949.78997,13791.31103,14552.4221,15388.09392,15917.21867,16649.24299
Uruguay,URY,"GNI per capita, PPP (current international $)",NY.GNP.PCAP.PP.CD,6130,6600,7270,7600,8250,8260,8830,9740,10220,10190,10180,9990,9440,9260,9970,11220,12100,13200,14270,14890,16110,17300,18250,19290,20140,20530,21090
United States,USA,"GNI per capita, PPP (current international $)",NY.GNP.PCAP.PP.CD,23730,24180,25180,26000,27350,28550,29980,31620,33230,34850,36930,37860,38590,39960,42260,44740,47390,48420,48640,47250,48880,50710,52850,54000,56160,57900,58700
Uzbekistan,UZB,"GNI per capita, PPP (current international $)",NY.GNP.PCAP.PP.CD,,,1760,1730,1640,1630,1650,1720,1800,1880,1950,2050,2150,2260,2490,2730,2970,3460,3840,3990,4280,4650,5070,5540,5910,6200,6640
St. Vincent and the Grenadines,VCT,"GNI per capita, PPP (current international $)",NY.GNP.PCAP.PP.CD,3440,3590,3960,4230,4220,4650,4840,5050,5320,5470,5700,5990,6450,6990,7410,7850,8810,8970,9750,9740,9540,9680,10140,10550,10840,11080,11380
Venezuela,VEN,"GNI per capita, PPP (current international $)",NY.GNP.PCAP.PP.CD,9190,10230,10640,10690,10390,10880,10840,11450,11400,10820,11290,11660,10460,9680,11500,13110,14740,16450,17230,16370,16010,16550,17530,17700,17410,,
British Virgin Islands,VGB,"GNI per capita, PPP (current international $)",NY.GNP.PCAP.PP.CD,,,,,,,,,,,,,,,,,,,,,,,,,,,
Virgin Islands (U.S.),VIR,"GNI per capita, PPP (current international $)",NY.GNP.PCAP.PP.CD,,,,,,,,,,,,,,,,,,,,,,,,,,,
Vietnam,VNM,"GNI per capita, PPP (current international $)",NY.GNP.PCAP.PP.CD,880,950,1060,1140,1260,1410,1540,1660,1760,1860,2160,2330,2490,2680,2950,2980,3240,3510,3740,3880,4150,4430,4710,4980,5270,5610,6040
Vanuatu,VUT,"GNI per capita, PPP (current international $)",NY.GNP.PCAP.PP.CD,1690,1560,1550,1680,1640,1760,1750,1810,2040,2070,2130,2130,1940,2000,2080,2170,2420,2530,2830,2790,2790,2830,2770,2970,3040,,
World,WLD,"GNI per capita, PPP (current international $)",NY.GNP.PCAP.PP.CD,5375.424511,5562.311309,5725.997776,5921.721878,6153.763521,6389.490212,6677.085062,6975.863174,7149.011653,7405.151171,7868.003492,8151.741359,8416.132515,8777.828238,9395.951866,10009.24845,10872.82092,11620.54686,12131.80328,12096.18865,12785.16916,13500.41581,14066.75068,14629.03383,15218.85795,15674.68375,16170.55766
Samoa,WSM,"GNI per capita, PPP (current international $)",NY.GNP.PCAP.PP.CD,,,,,,,,2970,3060,3160,3430,3750,3940,4020,4380,4500,4620,5030,5130,4970,5140,5460,5480,5450,5580,5800,6230
Kosovo,XKX,"GNI per capita, PPP (current international $)",NY.GNP.PCAP.PP.CD,,,,,,,,,,,,,,,,,6550,7310,7510,7550,7830,8360,8740,9030,9270,9840,10200
Yemen,YEM,"GNI per capita, PPP (current international $)",NY.GNP.PCAP.PP.CD,2140,2170,2310,2350,2440,2460,2410,2500,2690,2660,2840,2960,3020,3070,3150,3340,3580,3700,3770,3940,4130,3530,3690,3830,3720,2710,2490
South Africa,ZAF,"GNI per capita, PPP (current international $)",NY.GNP.PCAP.PP.CD,6040,6100,5990,6070,6280,6460,6720,6890,6880,7030,7380,7590,7940,8210,8770,9420,10140,10700,11160,11050,11400,11810,12100,12440,12660,12840,12830
Zambia,ZMB,"GNI per capita, PPP (current international $)",NY.GNP.PCAP.PP.CD,1380,1350,1340,1470,1350,1390,1470,1500,1460,1540,1590,1680,1740,1860,1920,2040,2170,2310,2550,2880,3000,3200,3530,3550,3750,3800,3850
Zimbabwe,ZWE,"GNI per capita, PPP (current international $)",NY.GNP.PCAP.PP.CD,1630,1730,1560,1590,1730,1730,1930,1960,1980,1980,1940,2000,1840,1550,1470,1410,1370,1320,1050,1100,1240,1390,1610,1750,1790,1790,1810