Year,Sort order,Country,Notes,Code,Type of data (a),Immigrants
1990,1990001,WORLD,,900,,152542373
1990,1990002,More developed regions,b,901,,82391619
1990,1990003,Less developed regions,c,902,,70150754
1990,1990004,Least developed countries,d,941,,11073226
1990,1990005,"Less developed regions, excluding least developed countries",,934,,59077528
1990,1990006,High-income countries,e,1503,,75239010
1990,1990007,Middle-income countries,e,1517,,68475181
1990,1990008,Upper-middle-income countries,e,1502,,33412332
1990,1990009,Lower-middle-income countries,e,1501,,35062849
1990,1990010,Low-income countries,e,1500,,8533974
1990,1990011,Sub-Saharan Africa,f,947,,14690319
1990,1990012,AFRICA,,903,,15690623
1990,1990013,Eastern Africa,,910,,5964031
1990,1990014,Burundi,,108,B R,333110
1990,1990015,Comoros,,174,B,14079
1990,1990016,Djibouti,,262,B R,122221
1990,1990017,Eritrea,,232,I,11848
1990,1990018,Ethiopia,,231,B R,1155390
1990,1990019,Kenya,,404,B R,297292
1990,1990020,Madagascar,,450,C,23917
1990,1990021,Malawi,,454,B R,1127724
1990,1990022,Mauritius,1,480,C,3613
1990,1990023,Mayotte,,175,B,15229
1990,1990024,Mozambique,,508,B R,122332
1990,1990025,Réunion,,638,B,57210
1990,1990026,Rwanda,,646,B R,159869
1990,1990027,Seychelles,,690,B,3721
1990,1990028,Somalia,,706,I R,478294
1990,1990029,South Sudan,,728,B R,..
1990,1990030,Uganda,,800,B R,558307
1990,1990031,Tanzania,2,834,B R,574025
1990,1990032,Zambia,,894,B R,279029
1990,1990033,Zimbabwe,,716,B R,626821
1990,1990034,Middle Africa,,911,,1460530
1990,1990035,Angola,,24,B R,33517
1990,1990036,Cameroon,,120,B C,265344
1990,1990037,Central African Republic,,140,C,67234
1990,1990038,Chad,,148,B R,74342
1990,1990039,Republic of the Congo,,178,B,129597
1990,1990040,Democratic Republic of the Congo,,180,B R,754194
1990,1990041,Equatorial Guinea,,226,C,2740
1990,1990042,Gabon,,266,C,127980
1990,1990043,Sao Tome and Principe,,678,C,5582
1990,1990044,Northern Africa,,912,,2403200
1990,1990045,Algeria,,12,B R,273954
1990,1990046,Egypt,,818,B R,173708
1990,1990047,Libya,,434,C,457075
1990,1990048,Morocco,,504,C,54895
1990,1990049,Sudan,3,729,B R,1402896
1990,1990050,Tunisia,,788,C,37984
1990,1990051,Western Sahara,,732,I,2688
1990,1990052,Southern Africa,,913,,1392359
1990,1990053,Botswana,,72,C,27510
1990,1990054,Lesotho,,426,C R,8240
1990,1990055,Namibia,,516,B,120641
1990,1990056,South Africa,,710,B R,1163883
1990,1990057,Swaziland,,748,B R,72085
1990,1990058,Western Africa,,914,,4470503
1990,1990059,Benin,,204,C B R,76212
1990,1990060,Burkina Faso,,854,B R,349657
1990,1990061,Cape Verde,,132,B,8931
1990,1990062,Ivory Coast,,384,C B,1816426
1990,1990063,Gambia,,270,B,118123
1990,1990064,Ghana,,288,B,164851
1990,1990065,Guinea,,324,C R,403621
1990,1990066,Guinea-Bissau,,624,B R,15368
1990,1990067,Liberia,,430,B,94964
1990,1990068,Mali,,466,B R,160736
1990,1990069,Mauritania,,478,C R,111650
1990,1990070,Niger,,562,B R,115464
1990,1990071,Nigeria,,566,C R,456621
1990,1990072,St. Helena,4,654,B,383
1990,1990073,Senegal,,686,B R,270410
1990,1990074,Sierra Leone,,694,B R,222242
1990,1990075,Togo,,768,C R,84844
1990,1990076,ASIA,,935,,48108431
1990,1990077,Central Asia,,5500,,6630683
1990,1990078,Kazakhstan,,398,B,3619200
1990,1990079,Kyrgyzstan,,417,B,623083
1990,1990080,Tajikistan,,762,B,428900
1990,1990081,Turkmenistan,,795,B,306500
1990,1990082,Uzbekistan,,860,B,1653000
1990,1990083,Eastern Asia,,906,,3959345
1990,1990084,China,5,156,C,376361
1990,1990085,Hong Kong,6,344,B,2218473
1990,1990086,Macao,7,446,B,205047
1990,1990087,North Korea,,408,I,34103
1990,1990088,Japan,,392,C,1075626
1990,1990089,Mongolia,,496,C,6718
1990,1990090,South Korea,,410,C,43017
1990,1990091,Southern Asia,,5501,,19436343
1990,1990092,Afghanistan,,4,B,57686
1990,1990093,Bangladesh,,50,B R,881617
1990,1990094,Bhutan,,64,B,23807
1990,1990095,India,,356,B R,7493204
1990,1990096,Iran,,364,B R,4291601
1990,1990097,Maldives,,462,C,8689
1990,1990098,Nepal,,524,B R,429974
1990,1990099,Pakistan,,586,B R,6208204
1990,1990100,Sri Lanka,,144,B R,41561
1990,1990101,South-Eastern Asia,,920,,2876616
1990,1990102,Brunei,,96,B,73200
1990,1990103,Cambodia,,116,B,38375
1990,1990104,Indonesia,,360,B R,465612
1990,1990105,Laos,,418,C R,22866
1990,1990106,Malaysia,8,458,C R,695920
1990,1990107,Myanmar,,104,C,133545
1990,1990108,Philippines,,608,C R,154071
1990,1990109,Singapore,,702,B,727262
1990,1990110,Thailand,,764,B R,528693
1990,1990111,Timor-Leste,,626,B,8954
1990,1990112,Vietnam,,704,C R,28118
1990,1990113,Western Asia,,922,,15205444
1990,1990114,Armenia,,51,B R,658789
1990,1990115,Azerbaijan,9,31,B R,360600
1990,1990116,Bahrain,,48,C,173212
1990,1990117,Cyprus,10,196,B,43805
1990,1990118,Georgia,11,268,B,304470
1990,1990119,Iraq,,368,C R,83638
1990,1990120,Israel,,376,B R,1632704
1990,1990121,Jordan,,400,C R,1146349
1990,1990122,Kuwait,,414,C R,1074391
1990,1990123,Lebanon,,422,B R,523693
1990,1990124,Oman,,512,C,304000
1990,1990125,Qatar,,634,C,309753
1990,1990126,Saudi Arabia,,682,C R,4998445
1990,1990127,West Bank and Gaza Strip,12,275,B,288332
1990,1990128,Syria,,760,C R,714140
1990,1990129,Turkey,,792,B R,1163686
1990,1990130,United Arab Emirates,,784,C R,1306574
1990,1990131,Yemen,,887,CR,118863
1990,1990132,EUROPE,,908,,49232191
1990,1990133,Eastern Europe,,923,,21995312
1990,1990134,Belarus,,112,B,1248977
1990,1990135,Bulgaria,,100,B,21510
1990,1990136,Czechia,,203,C,110394
1990,1990137,Hungary,,348,B R,347510
1990,1990138,Poland,,616,B,1127771
1990,1990139,Moldova,13,498,B,544162
1990,1990140,Romania,,642,B,135825
1990,1990141,Russia,,643,B,11524948
1990,1990142,Slovakia,,703,B,41295
1990,1990143,Ukraine,14,804,B,6892920
1990,1990144,Northern Europe,,924,,6645605
1990,1990145,Channel Islands,15,830,B,61660
1990,1990146,Denmark,,208,B,235189
1990,1990147,Estonia,,233,B,381997
1990,1990148,Faeroe Islands,,234,B,4285
1990,1990149,Finland,16,246,B,63255
1990,1990150,Iceland,,352,B,9584
1990,1990151,Ireland,,372,B,227961
1990,1990152,Isle of Man,,833,B,34769
1990,1990153,Latvia,,428,B,646007
1990,1990154,Lithuania,,440,B,349258
1990,1990155,Norway,17,578,B,192587
1990,1990156,Sweden,,752,B,788767
1990,1990157,United Kingdom,,826,B,3650286
1990,1990158,Southern Europe,,925,,4340454
1990,1990159,Albania,,8,B,66013
1990,1990160,Andorra,,20,C,38904
1990,1990161,Bosnia-Herzegovina,,70,I R,56000
1990,1990162,Croatia,,191,B R,475438
1990,1990163,Gibraltar,,292,B,8709
1990,1990164,Greece,,300,B,618139
1990,1990165,Holy See,18,336,I,768
1990,1990166,Italy,,380,B,1428221
1990,1990167,Malta,,470,B,15077
1990,1990168,Montenegro,,499,B,..
1990,1990169,Portugal,,620,B,435782
1990,1990170,San Marino,,674,C,3310
1990,1990171,Serbia,19,688,B,99269
1990,1990172,Slovenia,,705,B,178077
1990,1990173,Spain,20,724,B,821605
1990,1990174,Macedonia,21,807,B,95142
1990,1990175,Western Europe,,926,,16250820
1990,1990176,Austria,,40,B,793239
1990,1990177,Belgium,,56,C,904528
1990,1990178,France,,250,B,5897267
1990,1990179,Germany,,276,B,5936181
1990,1990180,Liechtenstein,,438,B,10906
1990,1990181,Luxembourg,,442,B,113795
1990,1990182,Monaco,,492,B,20359
1990,1990183,Netherlands,,528,B,1182263
1990,1990184,Switzerland,,756,B,1392282
1990,1990185,LATIN AMERICA AND THE CARIBBEAN,,904,,7169728
1990,1990186,Caribbean,,915,,1056555
1990,1990187,Anguilla,,660,B,2570
1990,1990188,Antigua and Barbuda,,28,B,12029
1990,1990189,Aruba,,533,B,14444
1990,1990190,Bahamas,,44,B,26855
1990,1990191,Barbados,,52,B,24024
1990,1990192,British Virgin Islands,,92,B,8035
1990,1990193,Caribbean Netherlands,22,535,B,38410
1990,1990194,Cayman Islands,,136,C,9387
1990,1990195,Cuba,,192,B,34555
1990,1990196,Curaçao,,531,B,..
1990,1990197,Dominica,,212,B,2519
1990,1990198,Dominican Republic,,214,B,291151
1990,1990199,Grenada,,308,B,4263
1990,1990200,Guadeloupe,23,312,B,65944
1990,1990201,Haiti,,332,B,19084
1990,1990202,Jamaica,,388,B,20475
1990,1990203,Martinique,,474,B,38705
1990,1990204,Montserrat,,500,B,2013
1990,1990205,Puerto Rico,,630,B,321909
1990,1990206,St. Kitts and Nevis,,659,B,3210
1990,1990207,St. Lucia,,662,B,5305
1990,1990208,St. Vincent and the Grenadines,,670,B,3970
1990,1990209,St. Martin,,534,B,..
1990,1990210,Trinidad and Tobago,,780,B,50666
1990,1990211,Turks and Caicos Islands,,796,B,5062
1990,1990212,Virgin Islands (U.S.),,850,B,51970
1990,1990213,Central America,,916,,1829911
1990,1990214,Belize,,84,B R ,30404
1990,1990215,Costa Rica,,188,B R,417628
1990,1990216,El Salvador,,222,B R,47360
1990,1990217,Guatemala,,320,B R,264257
1990,1990218,Honduras,,340,B R,270423
1990,1990219,Mexico,,484,B R,695674
1990,1990220,Nicaragua,,558,B R,41421
1990,1990221,Panama,,591,B,62744
1990,1990222,South America,,931,,4283262
1990,1990223,Argentina,,32,B,1649919
1990,1990224,Bolivia,,68,B,73758
1990,1990225,Brazil,,76,B,798517
1990,1990226,Chile,,152,B,107501
1990,1990227,Colombia,,170,B,104277
1990,1990228,Ecuador,,218,B R,78663
1990,1990229,Falkland Islands (Malvinas),,238,B,855
1990,1990230,French Guiana,,254,B,63612
1990,1990231,Guyana,,328,B,4095
1990,1990232,Paraguay,,600,B,195884
1990,1990233,Peru,,604,B,65025
1990,1990234,Suriname,,740,C,18031
1990,1990235,Uruguay,,858,B,98116
1990,1990236,Venezuela,,862,B,1025009
1990,1990237,NORTHERN AMERICA,,905,,27610542
1990,1990238,Bermuda,,60,B,15683
1990,1990239,Canada,,124,B,4333318
1990,1990240,Greenland,,304,B,9416
1990,1990241,St. Pierre and Miquelon,,666,B,1099
1990,1990242,United States,,840,B,23251026
1990,1990243,OCEANIA,,909,,4730858
1990,1990244,Australia/New Zealand,,927,,4473260
1990,1990245,Australia,24,36,B,3955213
1990,1990246,New Zealand,,554,B,518047
1990,1990247,Melanesia,,928,,90210
1990,1990248,Fiji,,242,B,13283
1990,1990249,New Caledonia,,540,B,37673
1990,1990250,Papua New Guinea,,598,C R,32720
1990,1990251,Solomon Islands,,90,B,4226
1990,1990252,Vanuatu,,548,B,2308
1990,1990253,Micronesia,,954,,108969
1990,1990254,Guam,,316,B,69755
1990,1990255,Kiribati,,296,B,2162
1990,1990256,Marshall Islands,,584,B,1158
1990,1990257,Micronesia,,583,B,3685
1990,1990258,Nauru,,520,C,2815
1990,1990259,Northern Mariana Islands,,580,B,26593
1990,1990260,Palau,,585,B,2801
1990,1990261,Polynesia,25,957,,58419
1990,1990262,American Samoa,,16,B,21283
1990,1990263,Cook Islands,,184,B,2587
1990,1990264,French Polynesia,,258,B,25830
1990,1990265,Niue,,570,B,461
1990,1990266,Samoa,,882,B,3357
1990,1990267,Tokelau,,772,B,270
1990,1990268,Tonga,,776,B,2911
1990,1990269,Tuvalu,,798,C,318
1990,1990270,Wallis and Futuna Islands,,876,B,1402
1995,1995001,WORLD,,900,,160700028
1995,1995002,More developed regions,b,901,,92331345
1995,1995003,Less developed regions,c,902,,68368683
1995,1995004,Least developed countries,d,941,,11708074
1995,1995005,"Less developed regions, excluding least developed countries",,934,,56660609
1995,1995006,High-income countries,e,1503,,86645274
1995,1995007,Middle-income countries,e,1517,,64413423
1995,1995008,Upper-middle-income countries,e,1502,,33181319
1995,1995009,Lower-middle-income countries,e,1501,,31232104
1995,1995010,Low-income countries,e,1500,,9287911
1995,1995011,Sub-Saharan Africa,f,947,,15324570
1995,1995012,AFRICA,,903,,16352814
1995,1995013,Eastern Africa,,910,,5022742
1995,1995014,Burundi,,108,B R,254853
1995,1995015,Comoros,,174,B,13939
1995,1995016,Djibouti,,262,B R,99774
1995,1995017,Eritrea,,232,I,12400
1995,1995018,Ethiopia,,231,B R,806904
1995,1995019,Kenya,,404,B R,618745
1995,1995020,Madagascar,,450,C,21177
1995,1995021,Malawi,,454,B R,241624
1995,1995022,Mauritius,1,480,C,7493
1995,1995023,Mayotte,,175,B,26316
1995,1995024,Mozambique,,508,B R,168256
1995,1995025,Réunion,,638,B,77159
1995,1995026,Rwanda,,646,B R,233200
1995,1995027,Seychelles,,690,B,5148
1995,1995028,Somalia,,706,I R,19527
1995,1995029,South Sudan,,728,B R,..
1995,1995030,Uganda,,800,B R,634620
1995,1995031,Tanzania,2,834,B R,1106043
1995,1995032,Zambia,,894,B R,244338
1995,1995033,Zimbabwe,,716,B R,431226
1995,1995034,Middle Africa,,911,,2646108
1995,1995035,Angola,,24,B R,39813
1995,1995036,Cameroon,,120,B C,246864
1995,1995037,Central African Republic,,140,C,99712
1995,1995038,Chad,,148,B R,89584
1995,1995039,Republic of the Congo,,178,B,191635
1995,1995040,Democratic Republic of the Congo,,180,B R,1816963
1995,1995041,Equatorial Guinea,,226,C,3629
1995,1995042,Gabon,,266,C,152972
1995,1995043,Sao Tome and Principe,,678,C,4936
1995,1995044,Northern Africa,,912,,2081640
1995,1995045,Algeria,,12,B R,262032
1995,1995046,Egypt,,818,B R,166955
1995,1995047,Libya,,434,C,508041
1995,1995048,Morocco,,504,C,50360
1995,1995049,Sudan,3,729,B R,1053396
1995,1995050,Tunisia,,788,C,37867
1995,1995051,Western Sahara,,732,I,2989
1995,1995052,Southern Africa,,913,,1191582
1995,1995053,Botswana,,72,C,40168
1995,1995054,Lesotho,,426,C R,7204
1995,1995055,Namibia,,516,B,115372
1995,1995056,South Africa,,710,B R,1003807
1995,1995057,Swaziland,,748,B R,25031
1995,1995058,Western Africa,,914,,5410742
1995,1995059,Benin,,204,C B R,104971
1995,1995060,Burkina Faso,,854,B R,434848
1995,1995061,Cape Verde,,132,B,9979
1995,1995062,Ivory Coast,,384,C B,2076394
1995,1995063,Gambia,,270,B,150890
1995,1995064,Ghana,,288,B,252879
1995,1995065,Guinea,,324,C R,774505
1995,1995066,Guinea-Bissau,,624,B R,27961
1995,1995067,Liberia,,430,B,208563
1995,1995068,Mali,,466,B R,176187
1995,1995069,Mauritania,,478,C R,89562
1995,1995070,Niger,,562,B R,145999
1995,1995071,Nigeria,,566,C R,462999
1995,1995072,St. Helena,4,654,B,394
1995,1995073,Senegal,,686,B R,287654
1995,1995074,Sierra Leone,,694,B R,105374
1995,1995075,Togo,,768,C R,101583
1995,1995076,ASIA,,935,,46422010
1995,1995077,Central Asia,,5500,,5890035
1995,1995078,Kazakhstan,,398,B,3245250
1995,1995079,Kyrgyzstan,,417,B,510296
1995,1995080,Tajikistan,,762,B,348347
1995,1995081,Turkmenistan,,795,B,273565
1995,1995082,Uzbekistan,,860,B,1512577
1995,1995083,Eastern Asia,,906,,4658475
1995,1995084,China,5,156,C,442198
1995,1995085,Hong Kong,6,344,B,2443798
1995,1995086,Macao,7,446,B,224929
1995,1995087,North Korea,,408,I,35143
1995,1995088,Japan,,392,C,1381097
1995,1995089,Mongolia,,496,C,7424
1995,1995090,South Korea,,410,C,123886
1995,1995091,Southern Asia,,5501,,15343019
1995,1995092,Afghanistan,,4,B,71522
1995,1995093,Bangladesh,,50,B R,934735
1995,1995094,Bhutan,,64,B,27972
1995,1995095,India,,356,B R,6952238
1995,1995096,Iran,,364,B R,2937668
1995,1995097,Maldives,,462,C,18510
1995,1995098,Nepal,,524,B R,690225
1995,1995099,Pakistan,,586,B R,3669308
1995,1995100,Sri Lanka,,144,B R,40841
1995,1995101,South-Eastern Asia,,920,,3700057
1995,1995102,Brunei,,96,B,84748
1995,1995103,Cambodia,,116,B,92230
1995,1995104,Indonesia,,360,B R,378960
1995,1995105,Laos,,418,C R,23526
1995,1995106,Malaysia,8,458,C R,937368
1995,1995107,Myanmar,,104,C,113663
1995,1995108,Philippines,,608,C R,207345
1995,1995109,Singapore,,702,B,991492
1995,1995110,Thailand,,764,B R,809720
1995,1995111,Timor-Leste,,626,B,9743
1995,1995112,Vietnam,,704,C R,51262
1995,1995113,Western Asia,,922,,16830424
1995,1995114,Armenia,,51,B R,693999
1995,1995115,Azerbaijan,9,31,B R,344070
1995,1995116,Bahrain,,48,C,205979
1995,1995117,Cyprus,10,196,B,61941
1995,1995118,Georgia,11,268,B,152235
1995,1995119,Iraq,,368,C R,199460
1995,1995120,Israel,,376,B R,1792185
1995,1995121,Jordan,,400,C R,1537097
1995,1995122,Kuwait,,414,C R,921954
1995,1995123,Lebanon,,422,B R,608303
1995,1995124,Oman,,512,C,539643
1995,1995125,Qatar,,634,C,361673
1995,1995126,Saudi Arabia,,682,C R,5122702
1995,1995127,West Bank and Gaza Strip,12,275,B,281767
1995,1995128,Syria,,760,C R,830610
1995,1995129,Turkey,,792,B R,1216173
1995,1995130,United Arab Emirates,,784,C R,1824118
1995,1995131,Yemen,,887,CR,136515
1995,1995132,EUROPE,,908,,52867154
1995,1995133,Eastern Europe,,923,,21344124
1995,1995134,Belarus,,112,B,1186282
1995,1995135,Bulgaria,,100,B,32435
1995,1995136,Czechia,,203,C,165592
1995,1995137,Hungary,,348,B R,322234
1995,1995138,Poland,,616,B,964725
1995,1995139,Moldova,13,498,B,367231
1995,1995140,Romania,,642,B,135037
1995,1995141,Russia,,643,B,11928927
1995,1995142,Slovakia,,703,B,69323
1995,1995143,Ukraine,14,804,B,6172338
1995,1995144,Northern Europe,,924,,7194824
1995,1995145,Channel Islands,15,830,B,60519
1995,1995146,Denmark,,208,B,303108
1995,1995147,Estonia,,233,B,315755
1995,1995148,Faeroe Islands,,234,B,2900
1995,1995149,Finland,16,246,B,99729
1995,1995150,Iceland,,352,B,12738
1995,1995151,Ireland,,372,B,226892
1995,1995152,Isle of Man,,833,B,36886
1995,1995153,Latvia,,428,B,538093
1995,1995154,Lithuania,,440,B,273587
1995,1995155,Norway,17,578,B,233302
1995,1995156,Sweden,,752,B,936022
1995,1995157,United Kingdom,,826,B,4155293
1995,1995158,Southern Europe,,925,,5985675
1995,1995159,Albania,,8,B,71354
1995,1995160,Andorra,,20,C,40525
1995,1995161,Bosnia-Herzegovina,,70,I R,69476
1995,1995162,Croatia,,191,B R,674085
1995,1995163,Gibraltar,,292,B,8381
1995,1995164,Greece,,300,B,857850
1995,1995165,Holy See,18,336,I,780
1995,1995166,Italy,,380,B,1774953
1995,1995167,Malta,,470,B,17740
1995,1995168,Montenegro,,499,B,..
1995,1995169,Portugal,,620,B,532822
1995,1995170,San Marino,,674,C,3659
1995,1995171,Serbia,19,688,B,630221
1995,1995172,Slovenia,,705,B,174419
1995,1995173,Spain,20,724,B,1020067
1995,1995174,Macedonia,21,807,B,109343
1995,1995175,Western Europe,,926,,18342531
1995,1995176,Austria,,40,B,894893
1995,1995177,Belgium,,56,C,909769
1995,1995178,France,,250,B,6087993
1995,1995179,Germany,,276,B,7464406
1995,1995180,Liechtenstein,,438,B,13311
1995,1995181,Luxembourg,,442,B,126106
1995,1995182,Monaco,,492,B,21060
1995,1995183,Netherlands,,528,B,1346164
1995,1995184,Switzerland,,756,B,1478829
1995,1995185,LATIN AMERICA AND THE CARIBBEAN,,904,,6694640
1995,1995186,Caribbean,,915,,1154700
1995,1995187,Anguilla,,660,B,3317
1995,1995188,Antigua and Barbuda,,28,B,17550
1995,1995189,Aruba,,533,B,22274
1995,1995190,Bahamas,,44,B,31654
1995,1995191,Barbados,,52,B,26224
1995,1995192,British Virgin Islands,,92,B,10046
1995,1995193,Caribbean Netherlands,22,535,B,42258
1995,1995194,Cayman Islands,,136,C,14320
1995,1995195,Cuba,,192,B,26187
1995,1995196,Curaçao,,531,B,..
1995,1995197,Dominica,,212,B,3121
1995,1995198,Dominican Republic,,214,B,323381
1995,1995199,Grenada,,308,B,5544
1995,1995200,Guadeloupe,23,312,B,74566
1995,1995201,Haiti,,332,B,22458
1995,1995202,Jamaica,,388,B,22713
1995,1995203,Martinique,,474,B,46599
1995,1995204,Montserrat,,500,B,1612
1995,1995205,Puerto Rico,,630,B,338067
1995,1995206,St. Kitts and Nevis,,659,B,4248
1995,1995207,St. Lucia,,662,B,7152
1995,1995208,St. Vincent and the Grenadines,,670,B,4135
1995,1995209,St. Martin,,534,B,..
1995,1995210,Trinidad and Tobago,,780,B,45994
1995,1995211,Turks and Caicos Islands,,796,B,7039
1995,1995212,Virgin Islands (U.S.),,850,B,54241
1995,1995213,Central America,,916,,1298916
1995,1995214,Belize,,84,B R ,33446
1995,1995215,Costa Rica,,188,B R,364287
1995,1995216,El Salvador,,222,B R,39537
1995,1995217,Guatemala,,320,B R,156188
1995,1995218,Honduras,,340,B R,149442
1995,1995219,Mexico,,484,B R,458549
1995,1995220,Nicaragua,,558,B R,26619
1995,1995221,Panama,,591,B,70848
1995,1995222,South America,,931,,4241024
1995,1995223,Argentina,,32,B,1595069
1995,1995224,Bolivia,,68,B,83598
1995,1995225,Brazil,,76,B,741557
1995,1995226,Chile,,152,B,142417
1995,1995227,Colombia,,170,B,106943
1995,1995228,Ecuador,,218,B R,115093
1995,1995229,Falkland Islands (Malvinas),,238,B,868
1995,1995230,French Guiana,,254,B,70131
1995,1995231,Guyana,,328,B,6352
1995,1995232,Paraguay,,600,B,186570
1995,1995233,Peru,,604,B,56732
1995,1995234,Suriname,,740,C,22270
1995,1995235,Uruguay,,858,B,93428
1995,1995236,Venezuela,,862,B,1019996
1995,1995237,NORTHERN AMERICA,,905,,33341147
1995,1995238,Bermuda,,60,B,16676
1995,1995239,Canada,,124,B,4864778
1995,1995240,Greenland,,304,B,7320
1995,1995241,St. Pierre and Miquelon,,666,B,1320
1995,1995242,United States,,840,B,28451053
1995,1995243,OCEANIA,,909,,5022263
1995,1995244,Australia/New Zealand,,927,,4741947
1995,1995245,Australia,24,36,B,4153330
1995,1995246,New Zealand,,554,B,588617
1995,1995247,Melanesia,,928,,96828
1995,1995248,Fiji,,242,B,13001
1995,1995249,New Caledonia,,540,B,43662
1995,1995250,Papua New Guinea,,598,C R,33526
1995,1995251,Solomon Islands,,90,B,4178
1995,1995252,Vanuatu,,548,B,2461
1995,1995253,Micronesia,,954,,118687
1995,1995254,Guam,,316,B,71912
1995,1995255,Kiribati,,296,B,2223
1995,1995256,Marshall Islands,,584,B,1480
1995,1995257,Micronesia,,583,B,3342
1995,1995258,Nauru,,520,C,2605
1995,1995259,Northern Mariana Islands,,580,B,32376
1995,1995260,Palau,,585,B,4749
1995,1995261,Polynesia,25,957,,64801
1995,1995262,American Samoa,,16,B,23098
1995,1995263,Cook Islands,,184,B,2686
1995,1995264,French Polynesia,,258,B,28360
1995,1995265,Niue,,570,B,480
1995,1995266,Samoa,,882,B,4694
1995,1995267,Tokelau,,772,B,266
1995,1995268,Tonga,,776,B,3274
1995,1995269,Tuvalu,,798,C,263
1995,1995270,Wallis and Futuna Islands,,876,B,1680
2000,2000001,WORLD,,900,,172604257
2000,2000002,More developed regions,b,901,,103417894
2000,2000003,Less developed regions,c,902,,69186363
2000,2000004,Least developed countries,d,941,,10073307
2000,2000005,"Less developed regions, excluding least developed countries",,934,,59113056
2000,2000006,High-income countries,e,1503,,100404811
2000,2000007,Middle-income countries,e,1517,,64042290
2000,2000008,Upper-middle-income countries,e,1502,,33846189
2000,2000009,Lower-middle-income countries,e,1501,,30196101
2000,2000010,Low-income countries,e,1500,,7732730
2000,2000011,Sub-Saharan Africa,f,947,,13716539
2000,2000012,AFRICA,,903,,14800306
2000,2000013,Eastern Africa,,910,,4844795
2000,2000014,Burundi,,108,B R,125628
2000,2000015,Comoros,,174,B,13799
2000,2000016,Djibouti,,262,B R,100507
2000,2000017,Eritrea,,232,I,12952
2000,2000018,Ethiopia,,231,B R,611384
2000,2000019,Kenya,,404,B R,699139
2000,2000020,Madagascar,,450,C,23541
2000,2000021,Malawi,,454,B R,232620
2000,2000022,Mauritius,1,480,C,15543
2000,2000023,Mayotte,,175,B,45474
2000,2000024,Mozambique,,508,B R,195702
2000,2000025,Réunion,,638,B,100678
2000,2000026,Rwanda,,646,B R,347076
2000,2000027,Seychelles,,690,B,6574
2000,2000028,Somalia,,706,I R,20087
2000,2000029,South Sudan,,728,B R,..
2000,2000030,Uganda,,800,B R,634703
2000,2000031,Tanzania,2,834,B R,928180
2000,2000032,Zambia,,894,B R,321167
2000,2000033,Zimbabwe,,716,B R,410041
2000,2000034,Middle Africa,,911,,1756687
2000,2000035,Angola,,24,B R,46108
2000,2000036,Cameroon,,120,B C,228383
2000,2000037,Central African Republic,,140,C,123529
2000,2000038,Chad,,148,B R,104825
2000,2000039,Republic of the Congo,,178,B,305002
2000,2000040,Democratic Republic of the Congo,,180,B R,744387
2000,2000041,Equatorial Guinea,,226,C,4517
2000,2000042,Gabon,,266,C,195571
2000,2000043,Sao Tome and Principe,,678,C,4365
2000,2000044,Northern Africa,,912,,1885650
2000,2000045,Algeria,,12,B R,250110
2000,2000046,Egypt,,818,B R,173452
2000,2000047,Libya,,434,C,567436
2000,2000048,Morocco,,504,C,53034
2000,2000049,Sudan,3,729,B R,801883
2000,2000050,Tunisia,,788,C,36446
2000,2000051,Western Sahara,,732,I,3289
2000,2000052,Southern Africa,,913,,1222314
2000,2000053,Botswana,,72,C,57064
2000,2000054,Lesotho,,426,C R,6167
2000,2000055,Namibia,,516,B,134403
2000,2000056,South Africa,,710,B R,1001825
2000,2000057,Swaziland,,748,B R,22855
2000,2000058,Western Africa,,914,,5090860
2000,2000059,Benin,,204,C B R,133730
2000,2000060,Burkina Faso,,854,B R,520039
2000,2000061,Cape Verde,,132,B,11027
2000,2000062,Ivory Coast,,384,C B,1994135
2000,2000063,Gambia,,270,B,182514
2000,2000064,Ghana,,288,B,191601
2000,2000065,Guinea,,324,C R,560075
2000,2000066,Guinea-Bissau,,624,B R,20450
2000,2000067,Liberia,,430,B,151868
2000,2000068,Mali,,466,B R,189475
2000,2000069,Mauritania,,478,C R,57366
2000,2000070,Niger,,562,B R,122260
2000,2000071,Nigeria,,566,C R,487882
2000,2000072,St. Helena,4,654,B,405
2000,2000073,Senegal,,686,B R,231901
2000,2000074,Sierra Leone,,694,B R,98241
2000,2000075,Togo,,768,C R,137891
2000,2000076,ASIA,,935,,49198332
2000,2000077,Central Asia,,5500,,5183872
2000,2000078,Kazakhstan,,398,B,2871300
2000,2000079,Kyrgyzstan,,417,B,389558
2000,2000080,Tajikistan,,762,B,299266
2000,2000081,Turkmenistan,,795,B,218498
2000,2000082,Uzbekistan,,860,B,1405250
2000,2000083,Eastern Asia,,906,,5393081
2000,2000084,China,5,156,C,508034
2000,2000085,Hong Kong,6,344,B,2669122
2000,2000086,Macao,7,446,B,240791
2000,2000087,North Korea,,408,I,36183
2000,2000088,Japan,,392,C,1686567
2000,2000089,Mongolia,,496,C,8206
2000,2000090,South Korea,,410,C,244178
2000,2000091,Southern Asia,,5501,,15278020
2000,2000092,Afghanistan,,4,B,75917
2000,2000093,Bangladesh,,50,B R,987853
2000,2000094,Bhutan,,64,B,32137
2000,2000095,India,,356,B R,6411272
2000,2000096,Iran,,364,B R,2803805
2000,2000097,Maldives,,462,C,27092
2000,2000098,Nepal,,524,B R,717900
2000,2000099,Pakistan,,586,B R,4181912
2000,2000100,Sri Lanka,,144,B R,40132
2000,2000101,South-Eastern Asia,,920,,4926833
2000,2000102,Brunei,,96,B,96296
2000,2000103,Cambodia,,116,B,146085
2000,2000104,Indonesia,,360,B R,292307
2000,2000105,Laos,,418,C R,21948
2000,2000106,Malaysia,8,458,C R,1277223
2000,2000107,Myanmar,,104,C,98011
2000,2000108,Philippines,,608,C R,318095
2000,2000109,Singapore,,702,B,1351691
2000,2000110,Thailand,,764,B R,1257821
2000,2000111,Timor-Leste,,626,B,10602
2000,2000112,Vietnam,,704,C R,56754
2000,2000113,Western Asia,,922,,18416526
2000,2000114,Armenia,,51,B R,657900
2000,2000115,Azerbaijan,9,31,B R,327540
2000,2000116,Bahrain,,48,C,239361
2000,2000117,Cyprus,10,196,B,80076
2000,2000118,Georgia,11,268,B,76117
2000,2000119,Iraq,,368,C R,210525
2000,2000120,Israel,,376,B R,1851309
2000,2000121,Jordan,,400,C R,1927845
2000,2000122,Kuwait,,414,C R,1127640
2000,2000123,Lebanon,,422,B R,692913
2000,2000124,Oman,,512,C,623608
2000,2000125,Qatar,,634,C,359697
2000,2000126,Saudi Arabia,,682,C R,5263387
2000,2000127,West Bank and Gaza Strip,12,275,B,275202
2000,2000128,Syria,,760,C R,832273
2000,2000129,Turkey,,792,B R,1280963
2000,2000130,United Arab Emirates,,784,C R,2446675
2000,2000131,Yemen,,887,CR,143495
2000,2000132,EUROPE,,908,,56314416
2000,2000133,Eastern Europe,,923,,20428480
2000,2000134,Belarus,,112,B,1123586
2000,2000135,Bulgaria,,100,B,43360
2000,2000136,Czechia,,203,C,220789
2000,2000137,Hungary,,348,B R,296957
2000,2000138,Poland,,616,B,825251
2000,2000139,Moldova,13,498,B,247828
2000,2000140,Romania,,642,B,126949
2000,2000141,Russia,,643,B,11900297
2000,2000142,Slovakia,,703,B,116376
2000,2000143,Ukraine,14,804,B,5527087
2000,2000144,Northern Europe,,924,,7900973
2000,2000145,Channel Islands,15,830,B,64301
2000,2000146,Denmark,,208,B,371026
2000,2000147,Estonia,,233,B,249512
2000,2000148,Faeroe Islands,,234,B,3593
2000,2000149,Finland,16,246,B,136203
2000,2000150,Iceland,,352,B,15892
2000,2000151,Ireland,,372,B,350552
2000,2000152,Isle of Man,,833,B,39002
2000,2000153,Latvia,,428,B,430178
2000,2000154,Lithuania,,440,B,214311
2000,2000155,Norway,17,578,B,292440
2000,2000156,Sweden,,752,B,1003798
2000,2000157,United Kingdom,,826,B,4730165
2000,2000158,Southern Europe,,925,,7517054
2000,2000159,Albania,,8,B,76695
2000,2000160,Andorra,,20,C,42146
2000,2000161,Bosnia-Herzegovina,,70,I R,82952
2000,2000162,Croatia,,191,B R,585298
2000,2000163,Gibraltar,,292,B,8054
2000,2000164,Greece,,300,B,1111665
2000,2000165,Holy See,18,336,I,785
2000,2000166,Italy,,380,B,2121690
2000,2000167,Malta,,470,B,21521
2000,2000168,Montenegro,,499,B,..
2000,2000169,Portugal,,620,B,651472
2000,2000170,San Marino,,674,C,4045
2000,2000171,Serbia,19,688,B,856763
2000,2000172,Slovenia,,705,B,171018
2000,2000173,Spain,20,724,B,1657285
2000,2000174,Macedonia,21,807,B,125665
2000,2000175,Western Europe,,926,,20467909
2000,2000176,Austria,,40,B,996547
2000,2000177,Belgium,,56,C,895900
2000,2000178,France,,250,B,6278718
2000,2000179,Germany,,276,B,8992631
2000,2000180,Liechtenstein,,438,B,15483
2000,2000181,Luxembourg,,442,B,139750
2000,2000182,Monaco,,492,B,21787
2000,2000183,Netherlands,,528,B,1556337
2000,2000184,Switzerland,,756,B,1570756
2000,2000185,LATIN AMERICA AND THE CARIBBEAN,,904,,6579328
2000,2000186,Caribbean,,915,,1256547
2000,2000187,Anguilla,,660,B,4063
2000,2000188,Antigua and Barbuda,,28,B,23071
2000,2000189,Aruba,,533,B,30104
2000,2000190,Bahamas,,44,B,36454
2000,2000191,Barbados,,52,B,28424
2000,2000192,British Virgin Islands,,92,B,12958
2000,2000193,Caribbean Netherlands,22,535,B,46105
2000,2000194,Cayman Islands,,136,C,19253
2000,2000195,Cuba,,192,B,17818
2000,2000196,Curaçao,,531,B,..
2000,2000197,Dominica,,212,B,3723
2000,2000198,Dominican Republic,,214,B,355611
2000,2000199,Grenada,,308,B,6825
2000,2000200,Guadeloupe,23,312,B,83188
2000,2000201,Haiti,,332,B,25832
2000,2000202,Jamaica,,388,B,24952
2000,2000203,Martinique,,474,B,54492
2000,2000204,Montserrat,,500,B,1211
2000,2000205,Puerto Rico,,630,B,355038
2000,2000206,St. Kitts and Nevis,,659,B,5871
2000,2000207,St. Lucia,,662,B,9868
2000,2000208,St. Vincent and the Grenadines,,670,B,4307
2000,2000209,St. Martin,,534,B,..
2000,2000210,Trinidad and Tobago,,780,B,41753
2000,2000211,Turks and Caicos Islands,,796,B,9015
2000,2000212,Virgin Islands (U.S.),,850,B,56611
2000,2000213,Central America,,916,,1107577
2000,2000214,Belize,,84,B R ,36488
2000,2000215,Costa Rica,,188,B R,310946
2000,2000216,El Salvador,,222,B R,31713
2000,2000217,Guatemala,,320,B R,48119
2000,2000218,Honduras,,340,B R,28461
2000,2000219,Mexico,,484,B R,538051
2000,2000220,Nicaragua,,558,B R,30389
2000,2000221,Panama,,591,B,83410
2000,2000222,South America,,931,,4215204
2000,2000223,Argentina,,32,B,1540219
2000,2000224,Bolivia,,68,B,92658
2000,2000225,Brazil,,76,B,684596
2000,2000226,Chile,,152,B,177332
2000,2000227,Colombia,,170,B,109609
2000,2000228,Ecuador,,218,B R,151523
2000,2000229,Falkland Islands (Malvinas),,238,B,1067
2000,2000230,French Guiana,,254,B,76649
2000,2000231,Guyana,,328,B,8610
2000,2000232,Paraguay,,600,B,176608
2000,2000233,Peru,,604,B,66293
2000,2000234,Suriname,,740,C,27506
2000,2000235,Uruguay,,858,B,88871
2000,2000236,Venezuela,,862,B,1013663
2000,2000237,NORTHERN AMERICA,,905,,40351848
2000,2000238,Bermuda,,60,B,17668
2000,2000239,Canada,,124,B,5511914
2000,2000240,Greenland,,304,B,6755
2000,2000241,St. Pierre and Miquelon,,666,B,1458
2000,2000242,United States,,840,B,34814053
2000,2000243,OCEANIA,,909,,5360027
2000,2000244,Australia/New Zealand,,927,,5065063
2000,2000245,Australia,24,36,B,4386250
2000,2000246,New Zealand,,554,B,678813
2000,2000247,Melanesia,,928,,94078
2000,2000248,Fiji,,242,B,12719
2000,2000249,New Caledonia,,540,B,49651
2000,2000250,Papua New Guinea,,598,C R,25101
2000,2000251,Solomon Islands,,90,B,3981
2000,2000252,Vanuatu,,548,B,2626
2000,2000253,Micronesia,,954,,130186
2000,2000254,Guam,,316,B,74070
2000,2000255,Kiribati,,296,B,2283
2000,2000256,Marshall Islands,,584,B,1891
2000,2000257,Micronesia,,583,B,3116
2000,2000258,Nauru,,520,C,2394
2000,2000259,Northern Mariana Islands,,580,B,40122
2000,2000260,Palau,,585,B,6310
2000,2000261,Polynesia,25,957,,70700
2000,2000262,American Samoa,,16,B,24912
2000,2000263,Cook Islands,,184,B,2785
2000,2000264,French Polynesia,,258,B,30329
2000,2000265,Niue,,570,B,498
2000,2000266,Samoa,,882,B,5998
2000,2000267,Tokelau,,772,B,262
2000,2000268,Tonga,,776,B,3684
2000,2000269,Tuvalu,,798,C,217
2000,2000270,Wallis and Futuna Islands,,876,B,2015
2005,2005001,WORLD,,900,,190531600
2005,2005002,More developed regions,b,901,,116295565
2005,2005003,Less developed regions,c,902,,74236035
2005,2005004,Least developed countries,d,941,,9803046
2005,2005005,"Less developed regions, excluding least developed countries",,934,,64432989
2005,2005006,High-income countries,e,1503,,117786056
2005,2005007,Middle-income countries,e,1517,,64661461
2005,2005008,Upper-middle-income countries,e,1502,,35813417
2005,2005009,Lower-middle-income countries,e,1501,,28848044
2005,2005010,Low-income countries,e,1500,,7604325
2005,2005011,Sub-Saharan Africa,f,947,,14272361
2005,2005012,AFRICA,,903,,15462306
2005,2005013,Eastern Africa,,910,,4745792
2005,2005014,Burundi,,108,B R,172874
2005,2005015,Comoros,,174,B,13209
2005,2005016,Djibouti,,262,B R,92091
2005,2005017,Eritrea,,232,I,14314
2005,2005018,Ethiopia,,231,B R,514242
2005,2005019,Kenya,,404,B R,756894
2005,2005020,Madagascar,,450,C,26058
2005,2005021,Malawi,,454,B R,221661
2005,2005022,Mauritius,1,480,C,19647
2005,2005023,Mayotte,,175,B,63176
2005,2005024,Mozambique,,508,B R,204830
2005,2005025,Réunion,,638,B,115076
2005,2005026,Rwanda,,646,B R,432797
2005,2005027,Seychelles,,690,B,8997
2005,2005028,Somalia,,706,I R,20670
2005,2005029,South Sudan,,728,B R,..
2005,2005030,Uganda,,800,B R,652968
2005,2005031,Tanzania,2,834,B R,770846
2005,2005032,Zambia,,894,B R,252749
2005,2005033,Zimbabwe,,716,B R,392693
2005,2005034,Middle Africa,,911,,1928828
2005,2005035,Angola,,24,B R,61329
2005,2005036,Cameroon,,120,B C,258737
2005,2005037,Central African Republic,,140,C,94449
2005,2005038,Chad,,148,B R,352062
2005,2005039,Republic of the Congo,,178,B,315238
2005,2005040,Democratic Republic of the Congo,,180,B R,622869
2005,2005041,Equatorial Guinea,,226,C,6588
2005,2005042,Gabon,,266,C,214123
2005,2005043,Sao Tome and Principe,,678,C,3433
2005,2005044,Northern Africa,,912,,1731939
2005,2005045,Algeria,,12,B R,197422
2005,2005046,Egypt,,818,B R,274001
2005,2005047,Libya,,434,C,625212
2005,2005048,Morocco,,504,C,54379
2005,2005049,Sudan,3,729,B R,541994
2005,2005050,Tunisia,,788,C,35040
2005,2005051,Western Sahara,,732,I,3891
2005,2005052,Southern Africa,,913,,1439426
2005,2005053,Botswana,,72,C,88829
2005,2005054,Lesotho,,426,C R,6290
2005,2005055,Namibia,,516,B,106274
2005,2005056,South Africa,,710,B R,1210936
2005,2005057,Swaziland,,748,B R,27097
2005,2005058,Western Africa,,914,,5616321
2005,2005059,Benin,,204,C B R,171499
2005,2005060,Burkina Faso,,854,B R,596972
2005,2005061,Cape Verde,,132,B,12700
2005,2005062,Ivory Coast,,384,C B,2010824
2005,2005063,Gambia,,270,B,181905
2005,2005064,Ghana,,288,B,304436
2005,2005065,Guinea,,324,C R,229611
2005,2005066,Guinea-Bissau,,624,B R,20736
2005,2005067,Liberia,,430,B,87188
2005,2005068,Mali,,466,B R,256797
2005,2005069,Mauritania,,478,C R,58119
2005,2005070,Niger,,562,B R,124461
2005,2005071,Nigeria,,566,C R,969294
2005,2005072,St. Helena,4,654,B,487
2005,2005073,Senegal,,686,B R,238298
2005,2005074,Sierra Leone,,694,B R,149615
2005,2005075,Togo,,768,C R,203379
2005,2005076,ASIA,,935,,53243730
2005,2005077,Central Asia,,5500,,5238699
2005,2005078,Kazakhstan,,398,B,3102962
2005,2005079,Kyrgyzstan,,417,B,312897
2005,2005080,Tajikistan,,762,B,280444
2005,2005081,Turkmenistan,,795,B,213051
2005,2005082,Uzbekistan,,860,B,1329345
2005,2005083,Eastern Asia,,906,,6229524
2005,2005084,China,5,156,C,678947
2005,2005085,Hong Kong,6,344,B,2721235
2005,2005086,Macao,7,446,B,279308
2005,2005087,North Korea,,408,I,40097
2005,2005088,Japan,,392,C,2012916
2005,2005089,Mongolia,,496,C,11475
2005,2005090,South Korea,,410,C,485546
2005,2005091,Southern Asia,,5501,,13722011
2005,2005092,Afghanistan,,4,B,87300
2005,2005093,Bangladesh,,50,B R,1166700
2005,2005094,Bhutan,,64,B,40279
2005,2005095,India,,356,B R,5923642
2005,2005096,Iran,,364,B R,2568930
2005,2005097,Maldives,,462,C,45045
2005,2005098,Nepal,,524,B R,679457
2005,2005099,Pakistan,,586,B R,3171132
2005,2005100,Sri Lanka,,144,B R,39526
2005,2005101,South-Eastern Asia,,920,,6522343
2005,2005102,Brunei,,96,B,98441
2005,2005103,Cambodia,,116,B,114031
2005,2005104,Indonesia,,360,B R,289568
2005,2005105,Laos,,418,C R,20371
2005,2005106,Malaysia,8,458,C R,1722344
2005,2005107,Myanmar,,104,C,83025
2005,2005108,Philippines,,608,C R,257468
2005,2005109,Singapore,,702,B,1710594
2005,2005110,Thailand,,764,B R,2163447
2005,2005111,Timor-Leste,,626,B,11286
2005,2005112,Vietnam,,704,C R,51768
2005,2005113,Western Asia,,922,,21531153
2005,2005114,Armenia,,51,B R,469119
2005,2005115,Azerbaijan,9,31,B R,302220
2005,2005116,Bahrain,,48,C,404018
2005,2005117,Cyprus,10,196,B,117165
2005,2005118,Georgia,11,268,B,72311
2005,2005119,Iraq,,368,C R,132915
2005,2005120,Israel,,376,B R,1889503
2005,2005121,Jordan,,400,C R,2325414
2005,2005122,Kuwait,,414,C R,1333327
2005,2005123,Lebanon,,422,B R,756784
2005,2005124,Oman,,512,C,666160
2005,2005125,Qatar,,634,C,646026
2005,2005126,Saudi Arabia,,682,C R,6501819
2005,2005127,West Bank and Gaza Strip,12,275,B,266617
2005,2005128,Syria,,760,C R,876410
2005,2005129,Turkey,,792,B R,1319236
2005,2005130,United Arab Emirates,,784,C R,3281036
2005,2005131,Yemen,,887,CR,171073
2005,2005132,EUROPE,,908,,63201280
2005,2005133,Eastern Europe,,923,,19747392
2005,2005134,Belarus,,112,B,1106982
2005,2005135,Bulgaria,,100,B,61074
2005,2005136,Czechia,,203,C,322540
2005,2005137,Hungary,,348,B R,366787
2005,2005138,Poland,,616,B,722509
2005,2005139,Moldova,13,498,B,173957
2005,2005140,Romania,,642,B,145162
2005,2005141,Russia,,643,B,11667588
2005,2005142,Slovakia,,703,B,130491
2005,2005143,Ukraine,14,804,B,5050302
2005,2005144,Northern Europe,,924,,9588814
2005,2005145,Channel Islands,15,830,B,70941
2005,2005146,Denmark,,208,B,440383
2005,2005147,Estonia,,233,B,233701
2005,2005148,Faeroe Islands,,234,B,4583
2005,2005149,Finland,16,246,B,192169
2005,2005150,Iceland,,352,B,25492
2005,2005151,Ireland,,372,B,589046
2005,2005152,Isle of Man,,833,B,41475
2005,2005153,Latvia,,428,B,376725
2005,2005154,Lithuania,,440,B,201209
2005,2005155,Norway,17,578,B,361144
2005,2005156,Sweden,,752,B,1125790
2005,2005157,United Kingdom,,826,B,5926156
2005,2005158,Southern Europe,,925,,11974334
2005,2005159,Albania,,8,B,64739
2005,2005160,Andorra,,20,C,50298
2005,2005161,Bosnia-Herzegovina,,70,I R,47272
2005,2005162,Croatia,,191,B R,579273
2005,2005163,Gibraltar,,292,B,9211
2005,2005164,Greece,,300,B,1190707
2005,2005165,Holy See,18,336,I,798
2005,2005166,Italy,,380,B,3954785
2005,2005167,Malta,,470,B,24560
2005,2005168,Montenegro,,499,B,..
2005,2005169,Portugal,,620,B,771184
2005,2005170,San Marino,,674,C,4218
2005,2005171,Serbia,19,688,B,845120
2005,2005172,Slovenia,,705,B,197276
2005,2005173,Spain,20,724,B,4107226
2005,2005174,Macedonia,21,807,B,127667
2005,2005175,Western Europe,,926,,21890740
2005,2005176,Austria,,40,B,1136270
2005,2005177,Belgium,,56,C,882031
2005,2005178,France,,250,B,6737600
2005,2005179,Germany,,276,B,9402447
2005,2005180,Liechtenstein,,438,B,18898
2005,2005181,Luxembourg,,442,B,150618
2005,2005182,Monaco,,492,B,21312
2005,2005183,Netherlands,,528,B,1736127
2005,2005184,Switzerland,,756,B,1805437
2005,2005185,LATIN AMERICA AND THE CARIBBEAN,,904,,7237476
2005,2005186,Caribbean,,915,,1333118
2005,2005187,Anguilla,,660,B,4684
2005,2005188,Antigua and Barbuda,,28,B,24741
2005,2005189,Aruba,,533,B,32540
2005,2005190,Bahamas,,44,B,45595
2005,2005191,Barbados,,52,B,30624
2005,2005192,British Virgin Islands,,92,B,15016
2005,2005193,Caribbean Netherlands,22,535,B,49105
2005,2005194,Cayman Islands,,136,C,21655
2005,2005195,Cuba,,192,B,17023
2005,2005196,Curaçao,,531,B,..
2005,2005197,Dominica,,212,B,4744
2005,2005198,Dominican Republic,,214,B,376001
2005,2005199,Grenada,,308,B,6902
2005,2005200,Guadeloupe,23,312,B,89065
2005,2005201,Haiti,,332,B,30468
2005,2005202,Jamaica,,388,B,24314
2005,2005203,Martinique,,474,B,57034
2005,2005204,Montserrat,,500,B,1244
2005,2005205,Puerto Rico,,630,B,352144
2005,2005206,St. Kitts and Nevis,,659,B,6682
2005,2005207,St. Lucia,,662,B,11468
2005,2005208,St. Vincent and the Grenadines,,670,B,4395
2005,2005209,St. Martin,,534,B,13100
2005,2005210,Trinidad and Tobago,,780,B,44812
2005,2005211,Turks and Caicos Islands,,796,B,13115
2005,2005212,Virgin Islands (U.S.),,850,B,56647
2005,2005213,Central America,,916,,1385713
2005,2005214,Belize,,84,B R ,41424
2005,2005215,Costa Rica,,188,B R,358175
2005,2005216,El Salvador,,222,B R,36019
2005,2005217,Guatemala,,320,B R,57252
2005,2005218,Honduras,,340,B R,27875
2005,2005219,Mexico,,484,B R,712487
2005,2005220,Nicaragua,,558,B R,34918
2005,2005221,Panama,,591,B,117563
2005,2005222,South America,,931,,4518645
2005,2005223,Argentina,,32,B,1673088
2005,2005224,Bolivia,,68,B,107745
2005,2005225,Brazil,,76,B,638582
2005,2005226,Chile,,152,B,273384
2005,2005227,Colombia,,170,B,107612
2005,2005228,Ecuador,,218,B R,187404
2005,2005229,Falkland Islands (Malvinas),,238,B,1166
2005,2005230,French Guiana,,254,B,86468
2005,2005231,Guyana,,328,B,10868
2005,2005232,Paraguay,,600,B,168243
2005,2005233,Peru,,604,B,77541
2005,2005234,Suriname,,740,C,33664
2005,2005235,Uruguay,,858,B,82318
2005,2005236,Venezuela,,862,B,1070562
2005,2005237,NORTHERN AMERICA,,905,,45363387
2005,2005238,Bermuda,,60,B,18276
2005,2005239,Canada,,124,B,6078985
2005,2005240,Greenland,,304,B,6686
2005,2005241,St. Pierre and Miquelon,,666,B,1147
2005,2005242,United States,,840,B,39258293
2005,2005243,OCEANIA,,909,,6023421
2005,2005244,Australia/New Zealand,,927,,5717982
2005,2005245,Australia,24,36,B,4878030
2005,2005246,New Zealand,,554,B,839952
2005,2005247,Melanesia,,928,,103878
2005,2005248,Fiji,,242,B,12435
2005,2005249,New Caledonia,,540,B,55405
2005,2005250,Papua New Guinea,,598,C R,29967
2005,2005251,Solomon Islands,,90,B,3271
2005,2005252,Vanuatu,,548,B,2800
2005,2005253,Micronesia,,954,,128390
2005,2005254,Guam,,316,B,74743
2005,2005255,Kiribati,,296,B,2487
2005,2005256,Marshall Islands,,584,B,2417
2005,2005257,Micronesia,,583,B,2905
2005,2005258,Nauru,,520,C,2253
2005,2005259,Northern Mariana Islands,,580,B,37542
2005,2005260,Palau,,585,B,6043
2005,2005261,Polynesia,25,957,,73171
2005,2005262,American Samoa,,16,B,24233
2005,2005263,Cook Islands,,184,B,3277
2005,2005264,French Polynesia,,258,B,32286
2005,2005265,Niue,,570,B,522
2005,2005266,Samoa,,882,B,5746
2005,2005267,Tokelau,,772,B,258
2005,2005268,Tonga,,776,B,4301
2005,2005269,Tuvalu,,798,C,183
2005,2005270,Wallis and Futuna Islands,,876,B,2365
2010,2010001,WORLD,,900,,220019266
2010,2010002,More developed regions,b,901,,130683517
2010,2010003,Less developed regions,c,902,,89335749
2010,2010004,Least developed countries,d,941,,9994197
2010,2010005,"Less developed regions, excluding least developed countries",,934,,79341552
2010,2010006,High-income countries,e,1503,,141789049
2010,2010007,Middle-income countries,e,1517,,70204762
2010,2010008,Upper-middle-income countries,e,1502,,39705036
2010,2010009,Lower-middle-income countries,e,1501,,30499726
2010,2010010,Low-income countries,e,1500,,7545206
2010,2010011,Sub-Saharan Africa,f,947,,15691999
2010,2010012,AFRICA,,903,,17007249
2010,2010013,Eastern Africa,,910,,4657063
2010,2010014,Burundi,,108,B R,235259
2010,2010015,Comoros,,174,B,12618
2010,2010016,Djibouti,,262,B R,101575
2010,2010017,Eritrea,,232,I,15676
2010,2010018,Ethiopia,,231,B R,567720
2010,2010019,Kenya,,404,B R,926959
2010,2010020,Madagascar,,450,C,28905
2010,2010021,Malawi,,454,B R,217722
2010,2010022,Mauritius,1,480,C,24836
2010,2010023,Mayotte,,175,B,72757
2010,2010024,Mozambique,,508,B R,214612
2010,2010025,Réunion,,638,B,123029
2010,2010026,Rwanda,,646,B R,436787
2010,2010027,Seychelles,,690,B,11420
2010,2010028,Somalia,,706,I R,23995
2010,2010029,South Sudan,,728,B R,257905
2010,2010030,Uganda,,800,B R,529160
2010,2010031,Tanzania,2,834,B R,308600
2010,2010032,Zambia,,894,B R,149637
2010,2010033,Zimbabwe,,716,B R,397891
2010,2010034,Middle Africa,,911,,2139979
2010,2010035,Angola,,24,B R,76549
2010,2010036,Cameroon,,120,B C,289091
2010,2010037,Central African Republic,,140,C,93466
2010,2010038,Chad,,148,B R,416924
2010,2010039,Republic of the Congo,,178,B,419649
2010,2010040,Democratic Republic of the Congo,,180,B R,588950
2010,2010041,Equatorial Guinea,,226,C,8658
2010,2010042,Gabon,,266,C,243992
2010,2010043,Sao Tome and Principe,,678,C,2700
2010,2010044,Northern Africa,,912,,1893613
2010,2010045,Algeria,,12,B R,216964
2010,2010046,Egypt,,818,B R,295714
2010,2010047,Libya,,434,C,683998
2010,2010048,Morocco,,504,C,70909
2010,2010049,Sudan,3,729,B R,578363
2010,2010050,Tunisia,,788,C,43172
2010,2010051,Western Sahara,,732,I,4493
2010,2010052,Southern Africa,,913,,2357093
2010,2010053,Botswana,,72,C,120912
2010,2010054,Lesotho,,426,C R,6414
2010,2010055,Namibia,,516,B,102405
2010,2010056,South Africa,,710,B R,2096886
2010,2010057,Swaziland,,748,B R,30476
2010,2010058,Western Africa,,914,,5959501
2010,2010059,Benin,,204,C B R,209267
2010,2010060,Burkina Faso,,854,B R,673904
2010,2010061,Cape Verde,,132,B,14373
2010,2010062,Ivory Coast,,384,C B,2095185
2010,2010063,Gambia,,270,B,185763
2010,2010064,Ghana,,288,B,337017
2010,2010065,Guinea,,324,C R,177998
2010,2010066,Guinea-Bissau,,624,B R,21061
2010,2010067,Liberia,,430,B,99129
2010,2010068,Mali,,466,B R,336607
2010,2010069,Mauritania,,478,C R,84679
2010,2010070,Niger,,562,B R,126464
2010,2010071,Nigeria,,566,C R,988679
2010,2010072,St. Helena,4,654,B,569
2010,2010073,Senegal,,686,B R,256092
2010,2010074,Sierra Leone,,694,B R,97452
2010,2010075,Togo,,768,C R,255262
2010,2010076,ASIA,,935,,65921788
2010,2010077,Central Asia,,5500,,5262414
2010,2010078,Kazakhstan,,398,B,3334623
2010,2010079,Kyrgyzstan,,417,B,231511
2010,2010080,Tajikistan,,762,B,278152
2010,2010081,Turkmenistan,,795,B,197979
2010,2010082,Uzbekistan,,860,B,1220149
2010,2010083,Eastern Asia,,906,,7061814
2010,2010084,China,5,156,C,849861
2010,2010085,Hong Kong,6,344,B,2779950
2010,2010086,Macao,7,446,B,318506
2010,2010087,North Korea,,408,I,44010
2010,2010088,Japan,,392,C,2134151
2010,2010089,Mongolia,,496,C,16061
2010,2010090,South Korea,,410,C,919275
2010,2010091,Southern Asia,,5501,,14307646
2010,2010092,Afghanistan,,4,B,102246
2010,2010093,Bangladesh,,50,B R,1345546
2010,2010094,Bhutan,,64,B,48420
2010,2010095,India,,356,B R,5436012
2010,2010096,Iran,,364,B R,2761561
2010,2010097,Maldives,,462,C,54659
2010,2010098,Nepal,,524,B R,578657
2010,2010099,Pakistan,,586,B R,3941586
2010,2010100,Sri Lanka,,144,B R,38959
2010,2010101,South-Eastern Asia,,920,,8673693
2010,2010102,Brunei,,96,B,100587
2010,2010103,Cambodia,,116,B,81977
2010,2010104,Indonesia,,360,B R,305416
2010,2010105,Laos,,418,C R,32473
2010,2010106,Malaysia,8,458,C R,2406011
2010,2010107,Myanmar,,104,C,76414
2010,2010108,Philippines,,608,C R,208599
2010,2010109,Singapore,,702,B,2164794
2010,2010110,Thailand,,764,B R,3224131
2010,2010111,Timor-Leste,,626,B,11535
2010,2010112,Vietnam,,704,C R,61756
2010,2010113,Western Asia,,922,,30616221
2010,2010114,Armenia,,51,B R,221560
2010,2010115,Azerbaijan,9,31,B R,276901
2010,2010116,Bahrain,,48,C,657856
2010,2010117,Cyprus,10,196,B,188472
2010,2010118,Georgia,11,268,B,73034
2010,2010119,Iraq,,368,C R,117389
2010,2010120,Israel,,376,B R,1950615
2010,2010121,Jordan,,400,C R,2722983
2010,2010122,Kuwait,,414,C R,1871537
2010,2010123,Lebanon,,422,B R,820655
2010,2010124,Oman,,512,C,816221
2010,2010125,Qatar,,634,C,1456413
2010,2010126,Saudi Arabia,,682,C R,8429956
2010,2010127,West Bank and Gaza Strip,12,275,B,258032
2010,2010128,Syria,,760,C R,1785115
2010,2010129,Turkey,,792,B R,1367034
2010,2010130,United Arab Emirates,,784,C R,7316611
2010,2010131,Yemen,,887,CR,285837
2010,2010132,EUROPE,,908,,70747947
2010,2010133,Eastern Europe,,923,,19127781
2010,2010134,Belarus,,112,B,1090378
2010,2010135,Bulgaria,,100,B,76287
2010,2010136,Czechia,,203,C,398493
2010,2010137,Hungary,,348,B R,436616
2010,2010138,Poland,,616,B,642417
2010,2010139,Moldova,13,498,B,157668
2010,2010140,Romania,,642,B,166126
2010,2010141,Russia,,643,B,11194710
2010,2010142,Slovakia,,703,B,146319
2010,2010143,Ukraine,14,804,B,4818767
2010,2010144,Northern Europe,,924,,11810676
2010,2010145,Channel Islands,15,830,B,77581
2010,2010146,Denmark,,208,B,509740
2010,2010147,Estonia,,233,B,217890
2010,2010148,Faeroe Islands,,234,B,5096
2010,2010149,Finland,16,246,B,248135
2010,2010150,Iceland,,352,B,35091
2010,2010151,Ireland,,372,B,730542
2010,2010152,Isle of Man,,833,B,43447
2010,2010153,Latvia,,428,B,313786
2010,2010154,Lithuania,,440,B,160772
2010,2010155,Norway,17,578,B,526799
2010,2010156,Sweden,,752,B,1337214
2010,2010157,United Kingdom,,826,B,7604583
2010,2010158,Southern Europe,,925,,16205444
2010,2010159,Albania,,8,B,52784
2010,2010160,Andorra,,20,C,52053
2010,2010161,Bosnia-Herzegovina,,70,I R,38792
2010,2010162,Croatia,,191,B R,573248
2010,2010163,Gibraltar,,292,B,10369
2010,2010164,Greece,,300,B,1321149
2010,2010165,Holy See,18,336,I,794
2010,2010166,Italy,,380,B,5787898
2010,2010167,Malta,,470,B,33008
2010,2010168,Montenegro,,499,B,78507
2010,2010169,Portugal,,620,B,762825
2010,2010170,San Marino,,674,C,4399
2010,2010171,Serbia,19,688,B,826066
2010,2010172,Slovenia,,705,B,253786
2010,2010173,Spain,20,724,B,6280065
2010,2010174,Macedonia,21,807,B,129701
2010,2010175,Western Europe,,926,,23604046
2010,2010176,Austria,,40,B,1275992
2010,2010177,Belgium,,56,C,1119256
2010,2010178,France,,250,B,7196481
2010,2010179,Germany,,276,B,9812263
2010,2010180,Liechtenstein,,438,B,22342
2010,2010181,Luxembourg,,442,B,248888
2010,2010182,Monaco,,492,B,21132
2010,2010183,Netherlands,,528,B,1832510
2010,2010184,Switzerland,,756,B,2075182
2010,2010185,LATIN AMERICA AND THE CARIBBEAN,,904,,8246652
2010,2010186,Caribbean,,915,,1353589
2010,2010187,Anguilla,,660,B,5103
2010,2010188,Antigua and Barbuda,,28,B,26412
2010,2010189,Aruba,,533,B,34327
2010,2010190,Bahamas,,44,B,54736
2010,2010191,Barbados,,52,B,32825
2010,2010192,British Virgin Islands,,92,B,17074
2010,2010193,Caribbean Netherlands,22,535,B,11445
2010,2010194,Cayman Islands,,136,C,24057
2010,2010195,Cuba,,192,B,14818
2010,2010196,Curaçao,,531,B,34627
2010,2010197,Dominica,,212,B,5765
2010,2010198,Dominican Republic,,214,B,393720
2010,2010199,Grenada,,308,B,6980
2010,2010200,Guadeloupe,23,312,B,94942
2010,2010201,Haiti,,332,B,35104
2010,2010202,Jamaica,,388,B,23677
2010,2010203,Martinique,,474,B,59575
2010,2010204,Montserrat,,500,B,1277
2010,2010205,Puerto Rico,,630,B,304969
2010,2010206,St. Kitts and Nevis,,659,B,7245
2010,2010207,St. Lucia,,662,B,12100
2010,2010208,St. Vincent and the Grenadines,,670,B,4485
2010,2010209,St. Martin,,534,B,26200
2010,2010210,Trinidad and Tobago,,780,B,48226
2010,2010211,Turks and Caicos Islands,,796,B,17216
2010,2010212,Virgin Islands (U.S.),,850,B,56684
2010,2010213,Central America,,916,,1749940
2010,2010214,Belize,,84,B R ,46360
2010,2010215,Costa Rica,,188,B R,405404
2010,2010216,El Salvador,,222,B R,40324
2010,2010217,Guatemala,,320,B R,66384
2010,2010218,Honduras,,340,B R,27288
2010,2010219,Mexico,,484,B R,969538
2010,2010220,Nicaragua,,558,B R,37333
2010,2010221,Panama,,591,B,157309
2010,2010222,South America,,931,,5143123
2010,2010223,Argentina,,32,B,1805957
2010,2010224,Bolivia,,68,B,122846
2010,2010225,Brazil,,76,B,592568
2010,2010226,Chile,,152,B,369436
2010,2010227,Colombia,,170,B,124271
2010,2010228,Ecuador,,218,B R,325366
2010,2010229,Falkland Islands (Malvinas),,238,B,1436
2010,2010230,French Guiana,,254,B,96288
2010,2010231,Guyana,,328,B,13126
2010,2010232,Paraguay,,600,B,160299
2010,2010233,Peru,,604,B,84066
2010,2010234,Suriname,,740,C,39713
2010,2010235,Uruguay,,858,B,76263
2010,2010236,Venezuela,,862,B,1331488
2010,2010237,NORTHERN AMERICA,,905,,50970996
2010,2010238,Bermuda,,60,B,18884
2010,2010239,Canada,,124,B,6761226
2010,2010240,Greenland,,304,B,6226
2010,2010241,St. Pierre and Miquelon,,666,B,1017
2010,2010242,United States,,840,B,44183643
2010,2010243,OCEANIA,,909,,7124634
2010,2010244,Australia/New Zealand,,927,,6830423
2010,2010245,Australia,24,36,B,5882980
2010,2010246,New Zealand,,554,B,947443
2010,2010247,Melanesia,,928,,105684
2010,2010248,Fiji,,242,B,13351
2010,2010249,New Caledonia,,540,B,61158
2010,2010250,Papua New Guinea,,598,C R,25424
2010,2010251,Solomon Islands,,90,B,2760
2010,2010252,Vanuatu,,548,B,2991
2010,2010253,Micronesia,,954,,115948
2010,2010254,Guam,,316,B,75416
2010,2010255,Kiribati,,296,B,2868
2010,2010256,Marshall Islands,,584,B,3089
2010,2010257,Micronesia,,583,B,2805
2010,2010258,Nauru,,520,C,2112
2010,2010259,Northern Mariana Islands,,580,B,24168
2010,2010260,Palau,,585,B,5490
2010,2010261,Polynesia,25,957,,72579
2010,2010262,American Samoa,,16,B,23555
2010,2010263,Cook Islands,,184,B,3769
2010,2010264,French Polynesia,,258,B,31640
2010,2010265,Niue,,570,B,545
2010,2010266,Samoa,,882,B,5122
2010,2010267,Tokelau,,772,B,429
2010,2010268,Tonga,,776,B,4589
2010,2010269,Tuvalu,,798,C,154
2010,2010270,Wallis and Futuna Islands,,876,B,2776
2015,2015001,WORLD,,900,,247585744
2015,2015002,More developed regions,b,901,,140250197
2015,2015003,Less developed regions,c,902,,107335547
2015,2015004,Least developed countries,d,941,,13804757
2015,2015005,"Less developed regions, excluding least developed countries",,934,,93530790
2015,2015006,High-income countries,e,1503,,156816897
2015,2015007,Middle-income countries,e,1517,,79772836
2015,2015008,Upper-middle-income countries,e,1502,,48222417
2015,2015009,Lower-middle-income countries,e,1501,,31550419
2015,2015010,Low-income countries,e,1500,,10491456
2015,2015011,Sub-Saharan Africa,f,947,,21705234
2015,2015012,AFRICA,,903,,23436088
2015,2015013,Eastern Africa,,910,,6920965
2015,2015014,Burundi,,108,B R,289810
2015,2015015,Comoros,,174,B,12555
2015,2015016,Djibouti,,262,B R,112351
2015,2015017,Eritrea,,232,I,15941
2015,2015018,Ethiopia,,231,B R,1162576
2015,2015019,Kenya,,404,B R,1084357
2015,2015020,Madagascar,,450,C,32075
2015,2015021,Malawi,,454,B R,232803
2015,2015022,Mauritius,1,480,C,28585
2015,2015023,Mayotte,,175,B,73992
2015,2015024,Mozambique,,508,B R,238930
2015,2015025,Réunion,,638,B,127209
2015,2015026,Rwanda,,646,B R,441525
2015,2015027,Seychelles,,690,B,12791
2015,2015028,Somalia,,706,I R,41578
2015,2015029,South Sudan,,728,B R,844122
2015,2015030,Uganda,,800,B R,1197162
2015,2015031,Tanzania,2,834,B R,413309
2015,2015032,Zambia,,894,B R,155428
2015,2015033,Zimbabwe,,716,B R,403866
2015,2015034,Middle Africa,,911,,3436978
2015,2015035,Angola,,24,B R,632178
2015,2015036,Cameroon,,120,B C,508357
2015,2015037,Central African Republic,,140,C,81598
2015,2015038,Chad,,148,B R,516968
2015,2015039,Republic of the Congo,,178,B,392996
2015,2015040,Democratic Republic of the Congo,,180,B R,824492
2015,2015041,Equatorial Guinea,,226,C,209611
2015,2015042,Gabon,,266,C,268384
2015,2015043,Sao Tome and Principe,,678,C,2394
2015,2015044,Northern Africa,,912,,2354732
2015,2015045,Algeria,,12,B R,239473
2015,2015046,Egypt,,818,B R,565931
2015,2015047,Libya,,434,C,771146
2015,2015048,Morocco,,504,C,92424
2015,2015049,Sudan,3,729,B R,623878
2015,2015050,Tunisia,,788,C,56701
2015,2015051,Western Sahara,,732,I,5179
2015,2015052,Southern Africa,,913,,4112793
2015,2015053,Botswana,,72,C,160644
2015,2015054,Lesotho,,426,C R,6572
2015,2015055,Namibia,,516,B,96888
2015,2015056,South Africa,,710,B R,3816696
2015,2015057,Swaziland,,748,B R,31993
2015,2015058,Western Africa,,914,,6610620
2015,2015059,Benin,,204,C B R,245399
2015,2015060,Burkina Faso,,854,B R,704676
2015,2015061,Cape Verde,,132,B,14924
2015,2015062,Ivory Coast,,384,C B,2175399
2015,2015063,Gambia,,270,B,192540
2015,2015064,Ghana,,288,B,399471
2015,2015065,Guinea,,324,C R,126386
2015,2015066,Guinea-Bissau,,624,B R,22333
2015,2015067,Liberia,,430,B,113779
2015,2015068,Mali,,466,B R,365145
2015,2015069,Mauritania,,478,C R,166552
2015,2015070,Niger,,562,B R,252998
2015,2015071,Nigeria,,566,C R,1199115
2015,2015072,St. Helena,4,654,B,604
2015,2015073,Senegal,,686,B R,263242
2015,2015074,Sierra Leone,,694,B R,91213
2015,2015075,Togo,,768,C R,276844
2015,2015076,ASIA,,935,,76558152
2015,2015077,Central Asia,,5500,,5393504
2015,2015078,Kazakhstan,,398,B,3546778
2015,2015079,Kyrgyzstan,,417,B,204382
2015,2015080,Tajikistan,,762,B,275059
2015,2015081,Turkmenistan,,795,B,196386
2015,2015082,Uzbekistan,,860,B,1170899
2015,2015083,Eastern Asia,,906,,7600768
2015,2015084,China,5,156,C,978046
2015,2015085,Hong Kong,6,344,B,2838665
2015,2015086,Macao,7,446,B,342703
2015,2015087,North Korea,,408,I,48458
2015,2015088,Japan,,392,C,2232189
2015,2015089,Mongolia,,496,C,17620
2015,2015090,South Korea,,410,C,1143087
2015,2015091,Southern Asia,,5501,,14173830
2015,2015092,Afghanistan,,4,B,489749
2015,2015093,Bangladesh,,50,B R,1422805
2015,2015094,Bhutan,,64,B,51106
2015,2015095,India,,356,B R,5240960
2015,2015096,Iran,,364,B R,2726420
2015,2015097,Maldives,,462,C,64273
2015,2015098,Nepal,,524,B R,509855
2015,2015099,Pakistan,,586,B R,3628956
2015,2015100,Sri Lanka,,144,B R,39706
2015,2015101,South-Eastern Asia,,920,,9609923
2015,2015102,Brunei,,96,B,102733
2015,2015103,Cambodia,,116,B,73963
2015,2015104,Indonesia,,360,B R,338124
2015,2015105,Laos,,418,C R,44575
2015,2015106,Malaysia,8,458,C R,2650617
2015,2015107,Myanmar,,104,C,73308
2015,2015108,Philippines,,608,C R,211862
2015,2015109,Singapore,,702,B,2543638
2015,2015110,Thailand,,764,B R,3486526
2015,2015111,Timor-Leste,,626,B,11784
2015,2015112,Vietnam,,704,C R,72793
2015,2015113,Western Asia,,922,,39780127
2015,2015114,Armenia,,51,B R,191199
2015,2015115,Azerbaijan,9,31,B R,264241
2015,2015116,Bahrain,,48,C,704137
2015,2015117,Cyprus,10,196,B,192020
2015,2015118,Georgia,11,268,B,76685
2015,2015119,Iraq,,368,C R,359381
2015,2015120,Israel,,376,B R,2011727
2015,2015121,Jordan,,400,C R,3112026
2015,2015122,Kuwait,,414,C R,2866136
2015,2015123,Lebanon,,422,B R,1973204
2015,2015124,Oman,,512,C,1814591
2015,2015125,Qatar,,634,C,1687640
2015,2015126,Saudi Arabia,,682,C R,10771366
2015,2015127,West Bank and Gaza Strip,12,275,B,255507
2015,2015128,Syria,,760,C R,993940
2015,2015129,Turkey,,792,B R,4131302
2015,2015130,United Arab Emirates,,784,C R,7995126
2015,2015131,Yemen,,887,CR,379899
2015,2015132,EUROPE,,908,,74501508
2015,2015133,Eastern Europe,,923,,19880519
2015,2015134,Belarus,,112,B,1082905
2015,2015135,Bulgaria,,100,B,133803
2015,2015136,Czechia,,203,C,416454
2015,2015137,Hungary,,348,B R,475508
2015,2015138,Poland,,616,B,611855
2015,2015139,Moldova,13,498,B,142904
2015,2015140,Romania,,642,B,281048
2015,2015141,Russia,,643,B,11643276
2015,2015142,Slovakia,,703,B,177624
2015,2015143,Ukraine,14,804,B,4915142
2015,2015144,Northern Europe,,924,,13188813
2015,2015145,Channel Islands,15,830,B,82307
2015,2015146,Denmark,,208,B,595876
2015,2015147,Estonia,,233,B,194664
2015,2015148,Faeroe Islands,,234,B,5517
2015,2015149,Finland,16,246,B,314856
2015,2015150,Iceland,,352,B,39072
2015,2015151,Ireland,,372,B,749943
2015,2015152,Isle of Man,,833,B,45221
2015,2015153,Latvia,,428,B,265418
2015,2015154,Lithuania,,440,B,136021
2015,2015155,Norway,17,578,B,746375
2015,2015156,Sweden,,752,B,1602522
2015,2015157,United Kingdom,,826,B,8411021
2015,2015158,Southern Europe,,925,,15830496
2015,2015159,Albania,,8,B,52031
2015,2015160,Andorra,,20,C,42082
2015,2015161,Bosnia-Herzegovina,,70,I R,38574
2015,2015162,Croatia,,191,B R,575738
2015,2015163,Gibraltar,,292,B,11065
2015,2015164,Greece,,300,B,1242924
2015,2015165,Holy See,18,336,I,803
2015,2015166,Italy,,380,B,5805325
2015,2015167,Malta,,470,B,42430
2015,2015168,Montenegro,,499,B,82541
2015,2015169,Portugal,,620,B,864814
2015,2015170,San Marino,,674,C,5174
2015,2015171,Serbia,19,688,B,807441
2015,2015172,Slovenia,,705,B,237616
2015,2015173,Spain,20,724,B,5891208
2015,2015174,Macedonia,21,807,B,130730
2015,2015175,Western Europe,,926,,25601680
2015,2015176,Austria,,40,B,1492374
2015,2015177,Belgium,,56,C,1252380
2015,2015178,France,,250,B,7918382
2015,2015179,Germany,,276,B,10220418
2015,2015180,Liechtenstein,,438,B,23799
2015,2015181,Luxembourg,,442,B,260573
2015,2015182,Monaco,,492,B,21042
2015,2015183,Netherlands,,528,B,1996318
2015,2015184,Switzerland,,756,B,2416394
2015,2015185,LATIN AMERICA AND THE CARIBBEAN,,904,,9272027
2015,2015186,Caribbean,,915,,1385784
2015,2015187,Anguilla,,660,B,5470
2015,2015188,Antigua and Barbuda,,28,B,28083
2015,2015189,Aruba,,533,B,36114
2015,2015190,Bahamas,,44,B,59306
2015,2015191,Barbados,,52,B,34475
2015,2015192,British Virgin Islands,,92,B,19132
2015,2015193,Caribbean Netherlands,22,535,B,13002
2015,2015194,Cayman Islands,,136,C,23726
2015,2015195,Cuba,,192,B,13336
2015,2015196,Curaçao,,531,B,37611
2015,2015197,Dominica,,212,B,6720
2015,2015198,Dominican Republic,,214,B,415564
2015,2015199,Grenada,,308,B,7057
2015,2015200,Guadeloupe,23,312,B,98507
2015,2015201,Haiti,,332,B,39529
2015,2015202,Jamaica,,388,B,23167
2015,2015203,Martinique,,474,B,61731
2015,2015204,Montserrat,,500,B,1351
2015,2015205,Puerto Rico,,630,B,280494
2015,2015206,St. Kitts and Nevis,,659,B,7443
2015,2015207,St. Lucia,,662,B,12771
2015,2015208,St. Vincent and the Grenadines,,670,B,4577
2015,2015209,St. Martin,,534,B,27295
2015,2015210,Trinidad and Tobago,,780,B,49883
2015,2015211,Turks and Caicos Islands,,796,B,22719
2015,2015212,Virgin Islands (U.S.),,850,B,56721
2015,2015213,Central America,,916,,2043212
2015,2015214,Belize,,84,B R ,54674
2015,2015215,Costa Rica,,188,B R,411697
2015,2015216,El Salvador,,222,B R,42045
2015,2015217,Guatemala,,320,B R,78352
2015,2015218,Honduras,,340,B R,38317
2015,2015219,Mexico,,484,B R,1193155
2015,2015220,Nicaragua,,558,B R,40262
2015,2015221,Panama,,591,B,184710
2015,2015222,South America,,931,,5843031
2015,2015223,Argentina,,32,B,2086302
2015,2015224,Bolivia,,68,B,142989
2015,2015225,Brazil,,76,B,716568
2015,2015226,Chile,,152,B,469436
2015,2015227,Colombia,,170,B,139134
2015,2015228,Ecuador,,218,B R,387513
2015,2015229,Falkland Islands (Malvinas),,238,B,1571
2015,2015230,French Guiana,,254,B,106108
2015,2015231,Guyana,,328,B,15384
2015,2015232,Paraguay,,600,B,156462
2015,2015233,Peru,,604,B,91481
2015,2015234,Suriname,,740,C,46836
2015,2015235,Uruguay,,858,B,78799
2015,2015236,Venezuela,,862,B,1404448
2015,2015237,NORTHERN AMERICA,,905,,55766224
2015,2015238,Bermuda,,60,B,19126
2015,2015239,Canada,,124,B,7561226
2015,2015240,Greenland,,304,B,6009
2015,2015241,St. Pierre and Miquelon,,666,B,986
2015,2015242,United States,,840,B,48178877
2015,2015243,OCEANIA,,909,,8051745
2015,2015244,Australia/New Zealand,,927,,7750276
2015,2015245,Australia,24,36,B,6710540
2015,2015246,New Zealand,,554,B,1039736
2015,2015247,Melanesia,,928,,114595
2015,2015248,Fiji,,242,B,13751
2015,2015249,New Caledonia,,540,B,64290
2015,2015250,Papua New Guinea,,598,C R,30782
2015,2015251,Solomon Islands,,90,B,2585
2015,2015252,Vanuatu,,548,B,3187
2015,2015253,Micronesia,,954,,115311
2015,2015254,Guam,,316,B,76089
2015,2015255,Kiribati,,296,B,2919
2015,2015256,Marshall Islands,,584,B,3284
2015,2015257,Micronesia,,583,B,2756
2015,2015258,Nauru,,520,C,3678
2015,2015259,Northern Mariana Islands,,580,B,21648
2015,2015260,Palau,,585,B,4937
2015,2015261,Polynesia,25,957,,71563
2015,2015262,American Samoa,,16,B,23513
2015,2015263,Cook Islands,,184,B,4152
2015,2015264,French Polynesia,,258,B,30058
2015,2015265,Niue,,570,B,557
2015,2015266,Samoa,,882,B,4929
2015,2015267,Tokelau,,772,B,487
2015,2015268,Tonga,,776,B,4877
2015,2015269,Tuvalu,,798,C,141
2015,2015270,Wallis and Futuna Islands,,876,B,2849
2017,2017001,WORLD,,900,,257715425
2017,2017002,More developed regions,b,901,,145983830
2017,2017003,Less developed regions,c,902,,111731595
2017,2017004,Least developed countries,d,941,,14441715
2017,2017005,"Less developed regions, excluding least developed countries",,934,,97289880
2017,2017006,High-income countries,e,1503,,164846887
2017,2017007,Middle-income countries,e,1517,,81439828
2017,2017008,Upper-middle-income countries,e,1502,,49731791
2017,2017009,Lower-middle-income countries,e,1501,,31708037
2017,2017010,Low-income countries,e,1500,,10914651
2017,2017011,Sub-Saharan Africa,f,947,,22975988
2017,2017012,AFRICA,,903,,24650223
2017,2017013,Eastern Africa,,910,,7591799
2017,2017014,Burundi,,108,B R,299569
2017,2017015,Comoros,,174,B,12555
2017,2017016,Djibouti,,262,B R,116089
2017,2017017,Eritrea,,232,I,16041
2017,2017018,Ethiopia,,231,B R,1227143
2017,2017019,Kenya,,404,B R,1078572
2017,2017020,Madagascar,,450,C,33844
2017,2017021,Malawi,,454,B R,237104
2017,2017022,Mauritius,1,480,C,28713
2017,2017023,Mayotte,,175,B,74399
2017,2017024,Mozambique,,508,B R,246954
2017,2017025,Réunion,,638,B,129153
2017,2017026,Rwanda,,646,B R,443088
2017,2017027,Seychelles,,690,B,12926
2017,2017028,Somalia,,706,I R,44868
2017,2017029,South Sudan,,728,B R,845239
2017,2017030,Uganda,,800,B R,1692120
2017,2017031,Tanzania,2,834,B R,492574
2017,2017032,Zambia,,894,B R,156982
2017,2017033,Zimbabwe,,716,B R,403866
2017,2017034,Middle Africa,,911,,3539697
2017,2017035,Angola,,24,B R,638499
2017,2017036,Cameroon,,120,B C,540266
2017,2017037,Central African Republic,,140,C,88774
2017,2017038,Chad,,148,B R,489690
2017,2017039,Republic of the Congo,,178,B,398890
2017,2017040,Democratic Republic of the Congo,,180,B R,879223
2017,2017041,Equatorial Guinea,,226,C,221865
2017,2017042,Gabon,,266,C,280197
2017,2017043,Sao Tome and Principe,,678,C,2293
2017,2017044,Northern Africa,,912,,2410056
2017,2017045,Algeria,,12,B R,248624
2017,2017046,Egypt,,818,B R,478310
2017,2017047,Libya,,434,C,788419
2017,2017048,Morocco,,504,C,95835
2017,2017049,Sudan,3,729,B R,735821
2017,2017050,Tunisia,,788,C,57663
2017,2017051,Western Sahara,,732,I,5384
2017,2017052,Southern Africa,,913,,4338205
2017,2017053,Botswana,,72,C,166430
2017,2017054,Lesotho,,426,C R,6749
2017,2017055,Namibia,,516,B,95067
2017,2017056,South Africa,,710,B R,4036696
2017,2017057,Swaziland,,748,B R,33263
2017,2017058,Western Africa,,914,,6770466
2017,2017059,Benin,,204,C B R,253284
2017,2017060,Burkina Faso,,854,B R,708921
2017,2017061,Cape Verde,,132,B,15295
2017,2017062,Ivory Coast,,384,C B,2197152
2017,2017063,Gambia,,270,B,205063
2017,2017064,Ghana,,288,B,417642
2017,2017065,Guinea,,324,C R,122796
2017,2017066,Guinea-Bissau,,624,B R,23405
2017,2017067,Liberia,,430,B,98630
2017,2017068,Mali,,466,B R,383721
2017,2017069,Mauritania,,478,C R,168438
2017,2017070,Niger,,562,B R,295610
2017,2017071,Nigeria,,566,C R,1235088
2017,2017072,St. Helena,4,654,B,606
2017,2017073,Senegal,,686,B R,265601
2017,2017074,Sierra Leone,,694,B R,95248
2017,2017075,Togo,,768,C R,283966
2017,2017076,ASIA,,935,,79586709
2017,2017077,Central Asia,,5500,,5462972
2017,2017078,Kazakhstan,,398,B,3635168
2017,2017079,Kyrgyzstan,,417,B,200294
2017,2017080,Tajikistan,,762,B,273259
2017,2017081,Turkmenistan,,795,B,195061
2017,2017082,Uzbekistan,,860,B,1159190
2017,2017083,Eastern Asia,,906,,7776716
2017,2017084,China,5,156,C,999527
2017,2017085,Hong Kong,6,344,B,2883051
2017,2017086,Macao,7,446,B,353654
2017,2017087,North Korea,,408,I,48939
2017,2017088,Japan,,392,C,2321476
2017,2017089,Mongolia,,496,C,18204
2017,2017090,South Korea,,410,C,1151865
2017,2017091,Southern Asia,,5501,,13582402
2017,2017092,Afghanistan,,4,B,133612
2017,2017093,Bangladesh,,50,B R,1500921
2017,2017094,Bhutan,,64,B,52296
2017,2017095,India,,356,B R,5188550
2017,2017096,Iran,,364,B R,2699155
2017,2017097,Maldives,,462,C,67026
2017,2017098,Nepal,,524,B R,502670
2017,2017099,Pakistan,,586,B R,3398154
2017,2017100,Sri Lanka,,144,B R,40018
2017,2017101,South-Eastern Asia,,920,,9873600
2017,2017102,Brunei,,96,B,108612
2017,2017103,Cambodia,,116,B,76329
2017,2017104,Indonesia,,360,B R,345930
2017,2017105,Laos,,418,C R,45466
2017,2017106,Malaysia,8,458,C R,2703629
2017,2017107,Myanmar,,104,C,74660
2017,2017108,Philippines,,608,C R,218530
2017,2017109,Singapore,,702,B,2623404
2017,2017110,Thailand,,764,B R,3588873
2017,2017111,Timor-Leste,,626,B,12063
2017,2017112,Vietnam,,704,C R,76104
2017,2017113,Western Asia,,922,,42891019
2017,2017114,Armenia,,51,B R,190719
2017,2017115,Azerbaijan,9,31,B R,259241
2017,2017116,Bahrain,,48,C,722649
2017,2017117,Cyprus,10,196,B,188973
2017,2017118,Georgia,11,268,B,78218
2017,2017119,Iraq,,368,C R,366568
2017,2017120,Israel,,376,B R,1962123
2017,2017121,Jordan,,400,C R,3233553
2017,2017122,Kuwait,,414,C R,3123431
2017,2017123,Lebanon,,422,B R,1939212
2017,2017124,Oman,,512,C,2073292
2017,2017125,Qatar,,634,C,1721392
2017,2017126,Saudi Arabia,,682,C R,12185284
2017,2017127,West Bank and Gaza Strip,12,275,B,253735
2017,2017128,Syria,,760,C R,1013818
2017,2017129,Turkey,,792,B R,4881966
2017,2017130,United Arab Emirates,,784,C R,8312524
2017,2017131,Yemen,,887,CR,384321
2017,2017132,EUROPE,,908,,77895217
2017,2017133,Eastern Europe,,923,,20121711
2017,2017134,Belarus,,112,B,1078652
2017,2017135,Bulgaria,,100,B,153803
2017,2017136,Czechia,,203,C,433290
2017,2017137,Hungary,,348,B R,503787
2017,2017138,Poland,,616,B,640937
2017,2017139,Moldova,13,498,B,140045
2017,2017140,Romania,,642,B,370753
2017,2017141,Russia,,643,B,11651509
2017,2017142,Slovakia,,703,B,184642
2017,2017143,Ukraine,14,804,B,4964293
2017,2017144,Northern Europe,,924,,13946390
2017,2017145,Channel Islands,15,830,B,83082
2017,2017146,Denmark,,208,B,656789
2017,2017147,Estonia,,233,B,192962
2017,2017148,Faeroe Islands,,234,B,5735
2017,2017149,Finland,16,246,B,343582
2017,2017150,Iceland,,352,B,41853
2017,2017151,Ireland,,372,B,806549
2017,2017152,Isle of Man,,833,B,45872
2017,2017153,Latvia,,428,B,256889
2017,2017154,Lithuania,,440,B,124706
2017,2017155,Norway,17,578,B,798944
2017,2017156,Sweden,,752,B,1747710
2017,2017157,United Kingdom,,826,B,8841717
2017,2017158,Southern Europe,,925,,15957631
2017,2017159,Albania,,8,B,52484
2017,2017160,Andorra,,20,C,41039
2017,2017161,Bosnia-Herzegovina,,70,I R,37100
2017,2017162,Croatia,,191,B R,560483
2017,2017163,Gibraltar,,292,B,11152
2017,2017164,Greece,,300,B,1220395
2017,2017165,Holy See,18,336,I,792
2017,2017166,Italy,,380,B,5907461
2017,2017167,Malta,,470,B,45539
2017,2017168,Montenegro,,499,B,70984
2017,2017169,Portugal,,620,B,880188
2017,2017170,San Marino,,674,C,5243
2017,2017171,Serbia,19,688,B,801903
2017,2017172,Slovenia,,705,B,244790
2017,2017173,Spain,20,724,B,5947106
2017,2017174,Macedonia,21,807,B,130972
2017,2017175,Western Europe,,926,,27869485
2017,2017176,Austria,,40,B,1660283
2017,2017177,Belgium,,56,C,1268411
2017,2017178,France,,250,B,7902783
2017,2017179,Germany,,276,B,12165083
2017,2017180,Liechtenstein,,438,B,24683
2017,2017181,Luxembourg,,442,B,264073
2017,2017182,Monaco,,492,B,21255
2017,2017183,Netherlands,,528,B,2056520
2017,2017184,Switzerland,,756,B,2506394
2017,2017185,LATIN AMERICA AND THE CARIBBEAN,,904,,9508189
2017,2017186,Caribbean,,915,,1399747
2017,2017187,Anguilla,,660,B,5579
2017,2017188,Antigua and Barbuda,,28,B,28646
2017,2017189,Aruba,,533,B,36356
2017,2017190,Bahamas,,44,B,61806
2017,2017191,Barbados,,52,B,34660
2017,2017192,British Virgin Islands,,92,B,19959
2017,2017193,Caribbean Netherlands,22,535,B,13508
2017,2017194,Cayman Islands,,136,C,24355
2017,2017195,Cuba,,192,B,13136
2017,2017196,Curaçao,,531,B,38396
2017,2017197,Dominica,,212,B,6782
2017,2017198,Dominican Republic,,214,B,424964
2017,2017199,Grenada,,308,B,7124
2017,2017200,Guadeloupe,23,312,B,99350
2017,2017201,Haiti,,332,B,40533
2017,2017202,Jamaica,,388,B,23332
2017,2017203,Martinique,,474,B,61579
2017,2017204,Montserrat,,500,B,1364
2017,2017205,Puerto Rico,,630,B,273494
2017,2017206,St. Kitts and Nevis,,659,B,7587
2017,2017207,St. Lucia,,662,B,12889
2017,2017208,St. Vincent and the Grenadines,,670,B,4595
2017,2017209,St. Martin,,534,B,28260
2017,2017210,Trinidad and Tobago,,780,B,50214
2017,2017211,Turks and Caicos Islands,,796,B,24534
2017,2017212,Virgin Islands (U.S.),,850,B,56745
2017,2017213,Central America,,916,,2092819
2017,2017214,Belize,,84,B R ,59998
2017,2017215,Costa Rica,,188,B R,414214
2017,2017216,El Salvador,,222,B R,42323
2017,2017217,Guatemala,,320,B R,81528
2017,2017218,Honduras,,340,B R,38700
2017,2017219,Mexico,,484,B R,1224169
2017,2017220,Nicaragua,,558,B R,41159
2017,2017221,Panama,,591,B,190728
2017,2017222,South America,,931,,6015623
2017,2017223,Argentina,,32,B,2164524
2017,2017224,Bolivia,,68,B,148837
2017,2017225,Brazil,,76,B,735557
2017,2017226,Chile,,152,B,488571
2017,2017227,Colombia,,170,B,142319
2017,2017228,Ecuador,,218,B R,399068
2017,2017229,Falkland Islands (Malvinas),,238,B,1579
2017,2017230,French Guiana,,254,B,111718
2017,2017231,Guyana,,328,B,15530
2017,2017232,Paraguay,,600,B,160519
2017,2017233,Peru,,604,B,93780
2017,2017234,Suriname,,740,C,47699
2017,2017235,Uruguay,,858,B,79586
2017,2017236,Venezuela,,862,B,1426336
2017,2017237,NORTHERN AMERICA,,905,,57664154
2017,2017238,Bermuda,,60,B,18954
2017,2017239,Canada,,124,B,7861226
2017,2017240,Greenland,,304,B,6014
2017,2017241,St. Pierre and Miquelon,,666,B,990
2017,2017242,United States,,840,B,49776970
2017,2017243,OCEANIA,,909,,8410933
2017,2017244,Australia/New Zealand,,927,,8102983
2017,2017245,Australia,24,36,B,7035560
2017,2017246,New Zealand,,554,B,1067423
2017,2017247,Melanesia,,928,,118078
2017,2017248,Fiji,,242,B,13911
2017,2017249,New Caledonia,,540,B,66001
2017,2017250,Papua New Guinea,,598,C R,32389
2017,2017251,Solomon Islands,,90,B,2532
2017,2017252,Vanuatu,,548,B,3245
2017,2017253,Micronesia,,954,,117601
2017,2017254,Guam,,316,B,78027
2017,2017255,Kiribati,,296,B,3022
2017,2017256,Marshall Islands,,584,B,3292
2017,2017257,Micronesia,,583,B,2785
2017,2017258,Nauru,,520,C,3710
2017,2017259,Northern Mariana Islands,,580,B,21777
2017,2017260,Palau,,585,B,4988
2017,2017261,Polynesia,25,957,,72271
2017,2017262,American Samoa,,16,B,23561
2017,2017263,Cook Islands,,184,B,4213
2017,2017264,French Polynesia,,258,B,30687
2017,2017265,Niue,,570,B,553
2017,2017266,Samoa,,882,B,4879
2017,2017267,Tokelau,,772,B,504
2017,2017268,Tonga,,776,B,4952
2017,2017269,Tuvalu,,798,C,143
2017,2017270,Wallis and Futuna Islands,,876,B,2779