Country,Country Code,Indicator Name,Indicator Code,1990,1991,1992,1993,1994,1995,1996,1997,1998,1999,2000,2001,2002,2003,2004,2005,2006,2007,2008,2009,2010,2011,2012,2013,2014,2015,2016,2017
Aruba,ABW,"Life expectancy at birth, total (years)",SP.DYN.LE00.IN,73.38997561,73.43312195,73.4717561,73.50531707,73.5357561,73.56360976,73.58995122,73.61634146,73.64485366,73.6794878,73.72419512,73.78443902,73.86217073,73.95882927,74.07190244,74.19990244,74.33882927,74.4827561,74.62768293,74.77114634,74.91063415,75.04765854,75.18319512,75.31973171,75.45678049,75.59434146,,
Afghanistan,AFG,"Life expectancy at birth, total (years)",SP.DYN.LE00.IN,49.85780488,50.6277561,51.3327561,51.97026829,52.54382927,53.06241463,53.54353659,54.00970732,54.48290244,54.97514634,55.49892683,56.06070732,56.65353659,57.26587805,57.89121951,58.51558537,59.12595122,59.70885366,60.25673171,60.76460976,61.23546341,61.6742439,62.09297561,62.50160976,62.90268293,63.29819512,,
Angola,AGO,"Life expectancy at birth, total (years)",SP.DYN.LE00.IN,41.6694878,41.82846341,42.03465854,42.30309756,42.65029268,43.09812195,43.66595122,44.35514634,45.15958537,46.07078049,47.0767561,48.16263415,49.30156098,50.46612195,51.63285366,52.78770732,53.92712195,55.0475122,56.13929268,57.181,58.14112195,58.9912439,59.71843902,60.3217561,60.80673171,61.18934146,,
Albania,ALB,"Life expectancy at birth, total (years)",SP.DYN.LE00.IN,71.95878049,71.92626829,71.91797561,71.96480488,72.08073171,72.27626829,72.5514878,72.88395122,73.25063415,73.63553659,74.01402439,74.36292683,74.67065854,74.93470732,75.15709756,75.35702439,75.5612439,75.79492683,76.07265854,76.39487805,76.74790244,77.10846341,77.44826829,77.74709756,77.99839024,78.20314634,,
Andorra,AND,"Life expectancy at birth, total (years)",SP.DYN.LE00.IN,,,,,,,,,,,,,,,,,,,,,,,,,,,,
Arab World,ARB,"Life expectancy at birth, total (years)",SP.DYN.LE00.IN,64.31927281,64.68753688,64.98154247,65.34564806,65.71336137,66.12496448,66.48417504,66.82631,67.1432097,67.43459739,67.70347437,67.95668321,68.20217114,68.44820923,68.69853756,68.95180524,69.20331866,69.44569144,69.6716377,69.87929924,70.07136083,70.25569431,70.44067505,70.63137828,70.82758949,71.02843854,,
United Arab Emirates,ARE,"Life expectancy at birth, total (years)",SP.DYN.LE00.IN,71.80202439,72.09412195,72.37719512,72.65326829,72.92429268,73.19226829,73.45863415,73.72390244,73.9875122,74.25002439,74.50946341,74.76687805,75.01831707,75.26382927,75.50141463,75.72853659,75.94419512,76.14834146,76.34041463,76.52243902,76.69487805,76.85978049,77.01914634,77.175,77.32936585,77.4842439,,
Argentina,ARG,"Life expectancy at birth, total (years)",SP.DYN.LE00.IN,71.54365854,71.76329268,71.98895122,72.21565854,72.44139024,72.66512195,72.88734146,73.10804878,73.32768293,73.54426829,73.75580488,73.96031707,74.15578049,74.34126829,74.51878049,74.68831707,74.85141463,75.01156098,75.17129268,75.33109756,75.49202439,75.65356098,75.8147561,75.97456098,76.134,76.29302439,,
Armenia,ARM,"Life expectancy at birth, total (years)",SP.DYN.LE00.IN,67.74878049,67.74268293,67.86260976,68.08565854,68.39860976,68.7895122,69.24312195,69.73885366,70.24817073,70.74534146,71.19965854,71.58197561,71.88839024,72.12097561,72.28473171,72.39878049,72.4912439,72.5932439,72.72590244,72.8987561,73.10929268,73.34597561,73.58621951,73.81192683,74.01958537,74.20619512,,
American Samoa,ASM,"Life expectancy at birth, total (years)",SP.DYN.LE00.IN,,,,,,,,,,,,,,,,,,,,,,,,,,,,
Antigua and Barbuda,ATG,"Life expectancy at birth, total (years)",SP.DYN.LE00.IN,71.16295122,71.40058537,71.63470732,71.86585366,72.093,72.31768293,72.53885366,72.75756098,72.97378049,73.18602439,73.39729268,73.60709756,73.81543902,74.02178049,74.22614634,74.42543902,74.61914634,74.80473171,74.98219512,75.15153659,75.31329268,75.46953659,75.62180488,75.77365854,75.92409756,76.07563415,,
Australia,AUS,"Life expectancy at birth, total (years)",SP.DYN.LE00.IN,76.99463415,77.27560976,77.37804878,77.87804878,77.87804878,77.82926829,78.07804878,78.4804878,78.63170732,78.93170732,79.23414634,79.63414634,79.93658537,80.23902439,80.4902439,80.84146341,81.04146341,81.29268293,81.39512195,81.54390244,81.69512195,81.89512195,82.04634146,82.14878049,82.3,82.45121951,,
Austria,AUT,"Life expectancy at birth, total (years)",SP.DYN.LE00.IN,75.56829268,75.61707317,75.81707317,76.06829268,76.4195122,76.66829268,76.87073171,77.3195122,77.67073171,77.87560976,78.12682927,78.57560976,78.67804878,78.63170732,79.1804878,79.33170732,79.8804878,80.1804878,80.43170732,80.33170732,80.5804878,80.98292683,80.93658537,81.13658537,81.4902439,81.84390244,,
Azerbaijan,AZE,"Life expectancy at birth, total (years)",SP.DYN.LE00.IN,64.64721951,64.59458537,64.60580488,64.7062439,64.90109756,65.17473171,65.49436585,65.82126829,66.1277561,66.40985366,66.68158537,66.9724878,67.31060976,67.71256098,68.17343902,68.67709756,69.19904878,69.70621951,70.171,70.5784878,70.91860976,71.18963415,71.40568293,71.58141463,71.7247561,71.84519512,,
Burundi,BDI,"Life expectancy at birth, total (years)",SP.DYN.LE00.IN,48.00012195,47.76268293,47.69865854,47.8544878,48.23468293,48.79719512,49.46004878,50.11880488,50.6925122,51.15019512,51.48792683,51.7287561,51.93319512,52.15221951,52.40380488,52.70536585,53.06378049,53.46646341,53.90187805,54.36202439,54.837,55.31441463,55.78287805,56.2345122,56.66331707,57.06934146,,
Belgium,BEL,"Life expectancy at birth, total (years)",SP.DYN.LE00.IN,76.05195122,76.19219512,76.35121951,76.34536585,76.69170732,76.84073171,77.18731707,77.37073171,77.47317073,77.6195122,77.72195122,77.97317073,78.07560976,78.12926829,78.87804878,78.9804878,79.3804878,79.78292683,79.6804878,79.98292683,80.18292683,80.58536585,80.38536585,80.58780488,81.28780488,81.28780488,,
Benin,BEN,"Life expectancy at birth, total (years)",SP.DYN.LE00.IN,53.71395122,54.26785366,54.67817073,54.94580488,55.0797561,55.11012195,55.08012195,55.04558537,55.05470732,55.13558537,55.3107561,55.58917073,55.94865854,56.36209756,56.81492683,57.28560976,57.74912195,58.18897561,58.59070732,58.94680488,59.25926829,59.53660976,59.79785366,60.0565122,60.31812195,60.58468293,,
Burkina Faso,BFA,"Life expectancy at birth, total (years)",SP.DYN.LE00.IN,49.36560976,49.31646341,49.27795122,49.25965854,49.27770732,49.34031707,49.45080488,49.60587805,49.80665854,50.06065854,50.38285366,50.78860976,51.28165854,51.85726829,52.5072439,53.21843902,53.9752439,54.75565854,55.53570732,56.29487805,57.01468293,57.68112195,58.29582927,58.86036585,59.37529268,59.84465854,,
Bangladesh,BGD,"Life expectancy at birth, total (years)",SP.DYN.LE00.IN,58.40856098,59.04026829,59.70734146,60.40729268,61.13202439,61.87236585,62.61256098,63.33887805,64.03819512,64.70241463,65.32512195,65.90446341,66.44965854,66.96736585,67.46260976,67.94129268,68.41026829,68.87390244,69.33368293,69.79117073,70.24204878,70.68056098,71.10090244,71.4977561,71.87165854,72.22160976,,
Bulgaria,BGR,"Life expectancy at birth, total (years)",SP.DYN.LE00.IN,71.64146341,71.56097561,71.49439024,71.34682927,71.20878049,71.05341463,70.89731707,70.35121951,71.06097561,71.41219512,71.66341463,71.76829268,71.86585366,72.06585366,72.56341463,72.56097561,72.61219512,72.66341463,72.96341463,73.41219512,73.51219512,74.16341463,74.31463415,74.86097561,74.46585366,74.46585366,,
Bahrain,BHR,"Life expectancy at birth, total (years)",SP.DYN.LE00.IN,72.51597561,72.72260976,72.92719512,73.1292439,73.3302439,73.53073171,73.7322439,73.93429268,74.13436585,74.33297561,74.52802439,74.71797561,74.90078049,75.07690244,75.24536585,75.40717073,75.56339024,75.71456098,75.86326829,76.01002439,76.15531707,76.29963415,76.44295122,76.58521951,76.72546341,76.86519512,,
"Bahamas, The",BHS,"Life expectancy at birth, total (years)",SP.DYN.LE00.IN,70.63065854,70.79180488,70.92963415,71.04814634,71.15480488,71.26256098,71.39043902,71.54987805,71.74787805,71.98436585,72.25429268,72.54509756,72.84126829,73.12729268,73.39465854,73.63936585,73.85946341,74.06146341,74.25095122,74.42841463,74.59690244,74.75792683,74.91397561,75.06653659,75.21763415,75.36878049,,
Bosnia-Herzegovina,BIH,"Life expectancy at birth, total (years)",SP.DYN.LE00.IN,70.78029268,70.56939024,70.51414634,70.66521951,71.02609756,71.56317073,72.20685366,72.8577561,73.43731707,73.91063415,74.26221951,74.50192683,74.67558537,74.82236585,74.95597561,75.08753659,75.22295122,75.3595122,75.498,75.64141463,75.79373171,75.95346341,76.12014634,76.29034146,76.46356098,76.64029268,,
Belarus,BLR,"Life expectancy at birth, total (years)",SP.DYN.LE00.IN,70.83658537,70.37804878,70.02195122,68.97073171,68.76829268,68.46097561,68.51219512,68.46097561,68.40731707,67.90731707,68.91219512,68.50731707,68.05609756,68.55365854,68.95609756,68.85121951,69.40487805,70.20731707,70.45609756,70.40731707,70.40487805,70.55365854,71.96585366,72.47073171,72.97073171,73.62439024,,
Belize,BLZ,"Life expectancy at birth, total (years)",SP.DYN.LE00.IN,71.28373171,71.05441463,70.74660976,70.38239024,69.98629268,69.58878049,69.21980488,68.90185366,68.65390244,68.4895122,68.41887805,68.44412195,68.54436585,68.69712195,68.88482927,69.08536585,69.27597561,69.4434878,69.57970732,69.68356098,69.76202439,69.83017073,69.90865854,70.01307317,70.1475122,70.31097561,,
Bermuda,BMU,"Life expectancy at birth, total (years)",SP.DYN.LE00.IN,,74.0295122,,,,,,,,,77.88536585,77.88536585,78.08780488,78.33414634,78.48536585,78.68536585,78.88780488,78.93414634,79.23658537,79.38843902,79.28853659,81.15268293,81.67780488,80.57243902,80.79731707,81.01219512,,
Bolivia,BOL,"Life expectancy at birth, total (years)",SP.DYN.LE00.IN,55.10729268,55.65002439,56.1982439,56.74943902,57.30512195,57.86329268,58.42495122,58.98860976,59.55426829,60.12141463,60.69004878,61.25919512,61.82882927,62.39897561,62.96863415,63.53978049,64.11495122,64.69363415,65.27282927,65.84656098,66.40580488,66.94160976,67.44695122,67.91736585,68.35031707,68.74980488,,
Brazil,BRA,"Life expectancy at birth, total (years)",SP.DYN.LE00.IN,65.34031707,65.74268293,66.17180488,66.62768293,67.10682927,67.60168293,68.10473171,68.60585366,69.09504878,69.56721951,70.01639024,70.44256098,70.84921951,71.24043902,71.61819512,71.986,72.34934146,72.70973171,73.06865854,73.42309756,73.76956098,74.1005122,74.41043902,74.69634146,74.9582439,75.19912195,,
Barbados,BRB,"Life expectancy at birth, total (years)",SP.DYN.LE00.IN,71.17195122,71.40334146,71.63121951,71.85409756,72.0724878,72.28439024,72.48880488,72.68421951,72.87065854,73.04858537,73.2195122,73.38392683,73.54631707,73.70717073,73.86802439,74.03034146,74.19363415,74.35741463,74.52170732,74.6854878,74.84880488,75.01014634,75.17002439,75.32795122,75.48390244,75.63790244,,
Brunei,BRN,"Life expectancy at birth, total (years)",SP.DYN.LE00.IN,73.05119512,73.29504878,73.53339024,73.7672439,73.99709756,74.22295122,74.44431707,74.66217073,74.87553659,75.08541463,75.29478049,75.50765854,75.72302439,75.93887805,76.14921951,76.34158537,76.50043902,76.61934146,76.6957561,76.73670732,76.75419512,76.76719512,76.79519512,76.85121951,76.94173171,77.0667561,,
Bhutan,BTN,"Life expectancy at birth, total (years)",SP.DYN.LE00.IN,52.87207317,53.63046341,54.38587805,55.13878049,55.88917073,56.64753659,57.42234146,58.22109756,59.04478049,59.88890244,60.74843902,61.61443902,62.47387805,63.31129268,64.11470732,64.86965854,65.56521951,66.20039024,66.77765854,67.2994878,67.77429268,68.21095122,68.62490244,69.02507317,69.41797561,69.80712195,,
Botswana,BWA,"Life expectancy at birth, total (years)",SP.DYN.LE00.IN,61.7615122,61.01243902,59.96226829,58.64173171,57.11290244,55.45497561,53.76402439,52.15941463,50.76239024,49.66821951,48.98258537,48.78319512,49.04378049,49.71356098,50.74636585,52.07031707,53.59368293,55.20960976,56.81946341,58.35465854,59.78092683,61.09809756,62.3472439,63.55065854,64.69439024,65.75109756,,
Central African Republic,CAF,"Life expectancy at birth, total (years)",SP.DYN.LE00.IN,48.74687805,48.32858537,47.85056098,47.32878049,46.78217073,46.22717073,45.6742439,45.14080488,44.6497561,44.22946341,43.91429268,43.73358537,43.69631707,43.8054878,44.05763415,44.44282927,44.94321951,45.52646341,46.16317073,46.83492683,47.53270732,48.25697561,49.01214634,49.79565854,50.59104878,51.37785366,,
Canada,CAN,"Life expectancy at birth, total (years)",SP.DYN.LE00.IN,77.37707317,77.55341463,77.32073171,77.68512195,77.86195122,77.97756098,78.2304878,78.4804878,78.66243902,78.88292683,79.23658537,79.48780488,79.5902439,79.83902439,80.14146341,80.29268293,80.29268293,80.54390244,80.69512195,80.94634146,81.19756098,81.44878049,81.5835122,81.77204878,81.95304878,82.12902439,,
Central Europe and the Baltics,CEB,"Life expectancy at birth, total (years)",SP.DYN.LE00.IN,70.65636732,70.57260774,70.73234787,70.84622957,70.86952676,71.02589323,71.33546524,71.51758933,71.89811827,72.18473465,72.71969035,73.09799286,73.24431357,73.38382869,73.73940392,73.84004668,74.09472478,74.25238333,74.57753902,74.9318257,75.29534873,75.88847488,75.9934886,76.35516299,76.68547642,77.0269071,,
Switzerland,CHE,"Life expectancy at birth, total (years)",SP.DYN.LE00.IN,77.24243902,77.51463415,77.80609756,78.08536585,78.35,78.41707317,78.89609756,79.0795122,79.32439024,79.5804878,79.6804878,80.1804878,80.38536585,80.53658537,81.08780488,81.23658537,81.4902439,81.74146341,81.99268293,82.04390244,82.24634146,82.69512195,82.69756098,82.79756098,83.19756098,83.19756098,,
Channel Islands,CHI,"Life expectancy at birth, total (years)",SP.DYN.LE00.IN,75.4182439,75.63692683,75.84968293,76.053,76.24739024,76.43685366,76.62787805,76.827,77.03965854,77.26834146,77.514,77.77663415,78.05168293,78.33317073,78.61609756,78.894,79.16192683,79.41541463,79.6524878,79.87114634,80.07134146,80.25302439,80.42212195,80.58112195,80.735,80.88526829,,
Chile,CHL,"Life expectancy at birth, total (years)",SP.DYN.LE00.IN,73.54378049,73.90346341,74.25341463,74.59065854,74.91473171,75.22765854,75.5314878,75.82529268,76.11014634,76.38509756,76.64470732,76.88702439,77.10802439,77.30768293,77.487,77.64743902,77.79095122,77.923,78.05002439,78.1765122,78.30892683,78.4527561,78.60953659,78.78026829,78.9644878,79.16068293,,
China,CHN,"Life expectancy at birth, total (years)",SP.DYN.LE00.IN,69.3214878,69.47307317,69.62912195,69.79821951,69.98695122,70.21046341,70.48139024,70.80026829,71.16407317,71.5662439,71.99558537,72.43690244,72.873,73.28773171,73.67207317,74.01756098,74.32282927,74.59407317,74.83992683,75.06343902,75.26609756,75.45382927,75.62804878,75.79517073,75.95719512,76.11709756,,
Ivory Coast,CIV,"Life expectancy at birth, total (years)",SP.DYN.LE00.IN,52.60692683,52.23273171,51.71160976,51.0675122,50.33609756,49.56065854,48.7902439,48.07504878,47.46402439,46.99256098,46.69743902,46.59731707,46.67253659,46.8942439,47.24458537,47.69641463,48.21882927,48.78029268,49.35146341,49.91136585,50.45070732,50.97234146,51.49017073,52.01604878,52.54707317,53.0782439,,
Cameroon,CMR,"Life expectancy at birth, total (years)",SP.DYN.LE00.IN,52.18385366,51.81087805,51.36763415,50.88802439,50.41192683,49.99326829,49.68539024,49.51921951,49.51373171,49.67490244,49.99973171,50.46782927,51.0317561,51.64409756,52.27387805,52.889,53.46787805,54.00790244,54.51063415,54.97263415,55.40114634,55.80892683,56.21768293,56.64197561,57.08780488,57.5575122,,
Democratic Republic of the Congo,COD,"Life expectancy at birth, total (years)",SP.DYN.LE00.IN,48.99297561,49.17492683,49.26141463,49.25341463,49.17241463,49.06592683,48.99695122,49.02446341,49.19243902,49.51741463,50.00287805,50.62934146,51.34680488,52.10678049,52.87926829,53.63729268,54.36334146,55.05392683,55.70602439,56.31260976,56.87017073,57.38117073,57.85807317,58.31239024,58.74860976,59.17321951,,
Republic of the Congo,COG,"Life expectancy at birth, total (years)",SP.DYN.LE00.IN,55.93231707,55.49946341,54.9865122,54.41741463,53.82207317,53.22690244,52.65726829,52.14402439,51.72902439,51.45314634,51.37734146,51.55653659,51.99678049,52.68217073,53.58673171,54.6655122,55.86007317,57.09446341,58.30080488,59.43214634,60.45260976,61.3502439,62.14907317,62.87009756,63.51531707,64.09073171,,
Colombia,COL,"Life expectancy at birth, total (years)",SP.DYN.LE00.IN,68.29719512,68.45131707,68.64021951,68.86563415,69.12958537,69.42692683,69.74836585,70.075,70.39495122,70.70056098,70.98870732,71.26039024,71.52173171,71.77690244,72.02495122,72.26443902,72.49243902,72.70753659,72.91021951,73.1015122,73.28290244,73.45836585,73.63078049,73.80365854,73.97895122,74.15619512,,
Comoros,COM,"Life expectancy at birth, total (years)",SP.DYN.LE00.IN,56.65360976,57.14521951,57.59934146,58.01346341,58.38258537,58.69717073,58.94717073,59.13558537,59.27092683,59.36568293,59.43890244,59.51014634,59.59892683,59.72080488,59.8887561,60.11078049,60.39182927,60.71936585,61.07934146,61.4602439,61.84707317,62.22480488,62.58146341,62.90907317,63.20214634,63.46068293,,
Cape Verde,CPV,"Life expectancy at birth, total (years)",SP.DYN.LE00.IN,64.73658537,65.06160976,65.39814634,65.75468293,66.13821951,66.5687561,67.06726829,67.63473171,68.25914634,68.918,69.57380488,70.18004878,70.6987561,71.10792683,71.39853659,71.57558537,71.66004878,71.69141463,71.70668293,71.72839024,71.77453659,71.85417073,71.96282927,72.09653659,72.25431707,72.43517073,,
Costa Rica,CRI,"Life expectancy at birth, total (years)",SP.DYN.LE00.IN,75.65868293,75.84192683,76.02021951,76.19753659,76.37634146,76.55860976,76.74180488,76.92241463,77.09692683,77.26436585,77.42268293,77.57087805,77.70946341,77.84046341,77.96536585,78.08665854,78.20682927,78.32885366,78.45529268,78.58919512,78.73263415,78.88773171,79.0545122,79.23156098,79.41685366,79.60890244,,
Caribbean small states,CSS,"Life expectancy at birth, total (years)",SP.DYN.LE00.IN,69.54564377,69.59994429,69.68632934,69.69160508,69.73590347,69.78507577,69.84222589,69.97797487,69.99144565,70.08838497,70.20481065,70.34451498,70.57733424,70.69096869,70.89277722,71.10984222,71.33804014,71.57113456,71.80228804,72.02570117,72.23522802,72.42698876,72.60250775,72.76324049,72.91101405,73.04810113,,
Cuba,CUB,"Life expectancy at birth, total (years)",SP.DYN.LE00.IN,74.64380488,74.70056098,74.80329268,74.95892683,75.16397561,75.409,75.67563415,75.94197561,76.19307317,76.42587805,76.64480488,76.86521951,77.10246341,77.36395122,77.64468293,77.93214634,78.20595122,78.44970732,78.65153659,78.8115122,78.93665854,79.04053659,79.14212195,79.25634146,79.38970732,79.54370732,,
Curacao,CUW,"Life expectancy at birth, total (years)",SP.DYN.LE00.IN,,,,,,,,,,,,,,,,,74.7097561,75.36341463,75.3097561,76.15609756,,77.47317073,,,77.82439024,,,
Cayman Islands,CYM,"Life expectancy at birth, total (years)",SP.DYN.LE00.IN,,,,,,,,,,,,,,,,,,,,,,,,,,,,
Cyprus,CYP,"Life expectancy at birth, total (years)",SP.DYN.LE00.IN,76.51395122,76.67139024,76.82631707,76.97826829,77.12770732,77.27465854,77.41909756,77.56102439,77.70092683,77.83780488,77.97168293,78.10056098,78.22395122,78.34534146,78.4657561,78.59012195,78.72336585,78.8695122,79.02904878,79.202,79.38495122,79.57302439,79.76178049,79.94478049,80.12204878,80.29104878,,
Czech Republic,CZE,"Life expectancy at birth, total (years)",SP.DYN.LE00.IN,71.38390244,71.89829268,72.27170732,72.76780488,72.97268293,73.07487805,73.71463415,73.82487805,74.51463415,74.66829268,74.96829268,75.17317073,75.22195122,75.17073171,75.72195122,75.92439024,76.52439024,76.72439024,76.97560976,77.07804878,77.42439024,77.87317073,78.07560976,78.17560976,78.82439024,79.47317073,,
Germany,DEU,"Life expectancy at birth, total (years)",SP.DYN.LE00.IN,75.2277561,75.3195122,75.8195122,75.87073171,76.27073171,76.42195122,76.67317073,77.07317073,77.47560976,77.72682927,77.92682927,78.32926829,78.22926829,78.3804878,78.6804878,78.93170732,79.13170732,79.53414634,79.73658537,79.83658537,79.98780488,80.43658537,80.53902439,80.4902439,81.0902439,81.0902439,,
Djibouti,DJI,"Life expectancy at birth, total (years)",SP.DYN.LE00.IN,56.66317073,56.81614634,56.92958537,57.00358537,57.04365854,57.05341463,57.03841463,57.01119512,56.98773171,56.98146341,57.01034146,57.0882439,57.22056098,57.41121951,57.66363415,57.98429268,58.37768293,58.83187805,59.32841463,59.84885366,60.36673171,60.85458537,61.29546341,61.67736585,61.99431707,62.24982927,,
Dominica,DMA,"Life expectancy at birth, total (years)",SP.DYN.LE00.IN,,,73.95121951,,,,,75.95121951,,,,,76.59756098,,,,,,,,,,,,,,,
Denmark,DNK,"Life expectancy at birth, total (years)",SP.DYN.LE00.IN,74.80536585,75.15780488,75.19414634,75.11682927,75.37512195,75.21268293,75.59146341,75.94512195,76.13902439,76.34146341,76.59268293,76.79268293,76.89512195,77.14390244,77.49268293,77.84390244,78.09512195,78.19512195,78.44634146,78.59756098,79.1,79.8,80.05121951,80.3,80.7,81.1,,
Dominican Republic,DOM,"Life expectancy at birth, total (years)",SP.DYN.LE00.IN,67.95041463,68.42221951,68.83712195,69.19063415,69.48326829,69.7205122,69.91634146,70.09173171,70.26365854,70.44214634,70.63373171,70.83892683,71.05180488,71.26682927,71.48353659,71.70039024,71.91582927,72.12885366,72.33836585,72.54439024,72.74487805,72.94134146,73.13529268,73.3272439,73.51619512,73.70368293,,
Algeria,DZA,"Life expectancy at birth, total (years)",SP.DYN.LE00.IN,66.69302439,66.955,67.20065854,67.46060976,67.75536585,68.09836585,68.49102439,68.91470732,69.35731707,69.81429268,70.28568293,70.77202439,71.27039024,71.77431707,72.27582927,72.76141463,73.21956098,73.64270732,74.02531707,74.36785366,74.66978049,74.93756098,75.18119512,75.41217073,75.63502439,75.85529268,,
East Asia & Pacific (excluding high income),EAP,"Life expectancy at birth, total (years)",SP.DYN.LE00.IN,68.11578977,68.29662015,68.4725263,68.65180253,68.84120727,69.05324829,69.29920442,69.58074132,69.89600888,70.24031714,70.60518589,70.9794859,71.34890817,71.70133477,72.03046105,72.33093737,72.60227707,72.84951298,73.0791793,73.29302018,73.49142801,73.67786798,73.85301007,74.02096864,74.18315026,74.34183078,,
Early-demographic dividend,EAR,"Life expectancy at birth, total (years)",SP.DYN.LE00.IN,60.60637794,61.03442227,61.46235919,61.89042382,62.31003431,62.71538435,63.10402764,63.47222181,63.82330163,64.1605838,64.48632873,64.80645448,65.12485909,65.4486726,65.78092766,66.12373922,66.48080127,66.84743896,67.22026197,67.59412376,67.96134772,68.31537718,68.6518555,68.96753962,69.25956118,69.52779013,,
East Asia & Pacific,EAS,"Life expectancy at birth, total (years)",SP.DYN.LE00.IN,69.12473569,69.31499036,69.47818442,69.65718925,69.85754964,70.03843242,70.31463412,70.59491886,70.88988671,71.21479122,71.58823191,71.9586512,72.3114633,72.64714063,72.97226476,73.24534325,73.52981308,73.77415388,73.9964901,74.22364835,74.40240092,74.56343354,74.75706322,74.93611876,75.10255302,75.25604166,,
Europe & Central Asia (excluding high income),ECA,"Life expectancy at birth, total (years)",SP.DYN.LE00.IN,68.28254058,68.04072926,67.39843073,66.55607951,66.31737217,66.37251874,66.86327282,67.46454968,67.79277136,67.65326145,67.70962707,67.89474142,67.91869714,68.04772231,68.37862056,68.51023381,69.13089943,69.63226537,69.9237441,70.5178809,70.81947315,71.38026786,71.70260198,72.09297156,72.29512938,72.46689195,,
Europe & Central Asia,ECS,"Life expectancy at birth, total (years)",SP.DYN.LE00.IN,72.07005811,71.98034663,71.91104473,71.59384533,71.66236491,71.76142325,72.14795516,72.55454967,72.86176742,72.9114291,73.06551171,73.34110523,73.42830099,73.53952199,73.97261847,74.13432567,74.62863946,74.98461502,75.24121523,75.63329431,75.92165795,76.43333756,76.57856007,76.89108021,77.20707533,77.3948729,,
Ecuador,ECU,"Life expectancy at birth, total (years)",SP.DYN.LE00.IN,68.99536585,69.49326829,69.96358537,70.40882927,70.82904878,71.22682927,71.60473171,71.96431707,72.30814634,72.6352439,72.94417073,73.23043902,73.492,73.72780488,73.94231707,74.13846341,74.32073171,74.49656098,74.67039024,74.84868293,75.03339024,75.2294878,75.43297561,75.64339024,75.85973171,76.0815122,,
Egypt,EGY,"Life expectancy at birth, total (years)",SP.DYN.LE00.IN,64.54958537,64.95585366,65.37014634,65.81095122,66.27880488,66.76068293,67.23209756,67.66407317,68.03609756,68.34368293,68.58831707,68.78302439,68.94826829,69.10407317,69.26041463,69.42434146,69.59834146,69.77943902,69.96309756,70.15078049,70.34141463,70.53490244,70.72819512,70.9202439,71.10956098,71.29565854,,
Euro area,EMU,"Life expectancy at birth, total (years)",SP.DYN.LE00.IN,75.91135472,76.0249673,76.37998653,76.48663006,76.79491752,76.95558286,77.21810915,77.58125395,77.79683219,78.02088693,78.2747802,78.5969981,78.68434716,78.70705859,79.27857754,79.4261586,79.85600402,80.09975244,80.3027801,80.50339184,80.74663191,81.23265042,81.22695026,81.51281991,81.9348744,82.07022116,,
Eritrea,ERI,"Life expectancy at birth, total (years)",SP.DYN.LE00.IN,49.58192683,50.03409756,50.54056098,51.09497561,51.68982927,52.308,52.92919512,53.53763415,54.12665854,54.69726829,55.26504878,55.85673171,56.49309756,57.18478049,57.92485366,58.69778049,59.47592683,60.23012195,60.93770732,61.58712195,62.17585366,62.71192683,63.21292683,63.69490244,64.16339024,64.62439024,,
Spain,ESP,"Life expectancy at birth, total (years)",SP.DYN.LE00.IN,76.83756098,76.97121951,77.41,77.54658537,77.90146341,77.98073171,78.1204878,78.60414634,78.66585366,78.71707317,78.96585366,79.36829268,79.56829268,79.6195122,79.87073171,80.17073171,80.82195122,80.87317073,81.17560976,81.47560976,81.62682927,82.47560976,82.42682927,83.07804878,83.22926829,83.3804878,,
Estonia,EST,"Life expectancy at birth, total (years)",SP.DYN.LE00.IN,69.47560976,69.37317073,68.86341463,67.9097561,66.5,67.54390244,69.61219512,69.8097561,69.35853659,70.06341463,70.41707317,70.25853659,70.90487805,71.31707317,71.9097561,72.56829268,72.69146341,72.81463415,73.77073171,74.82439024,75.42926829,76.22926829,76.32682927,77.14146341,77.03414634,77.13170732,,
Ethiopia,ETH,"Life expectancy at birth, total (years)",SP.DYN.LE00.IN,47.09956098,47.50536585,47.9132439,48.34721951,48.81278049,49.3045122,49.80943902,50.31856098,50.83178049,51.36058537,51.93382927,52.58590244,53.33868293,54.19963415,55.16121951,56.20892683,57.31882927,58.45002439,59.56112195,60.62219512,61.60185366,62.47663415,63.24858537,63.92417073,64.50690244,65.00829268,,
European Union,EUU,"Life expectancy at birth, total (years)",SP.DYN.LE00.IN,74.86874481,74.96888851,75.28795006,75.39463683,75.69062967,75.81526525,76.06731014,76.36092239,76.59578319,76.82523695,77.15861119,77.4931243,77.60584482,77.69345183,78.19296345,78.36481648,78.73895726,78.96821226,79.1830529,79.44111941,79.72474962,80.23976651,80.25109831,80.53255827,80.92222407,81.1263925,,
Fragile and conflict affected situations,FCS,"Life expectancy at birth, total (years)",SP.DYN.LE00.IN,54.56766767,54.76914991,54.93995465,55.09191155,55.23413005,55.37533534,55.5239572,55.68644914,55.8612383,56.05042408,56.29497812,56.57882164,56.90567768,57.27242531,57.67298618,58.09931901,58.54249191,58.98984074,59.42891472,59.85070682,60.25124564,60.63189366,61.00012177,61.35995106,61.71015899,62.04935535,,
Finland,FIN,"Life expectancy at birth, total (years)",SP.DYN.LE00.IN,74.81317073,75.22756098,75.45536585,75.70512195,76.39560976,76.4095122,76.69341463,76.87853659,77.09073171,77.29121951,77.46585366,77.96585366,78.1195122,78.36829268,78.71463415,78.81707317,79.21463415,79.26341463,79.56829268,79.7195122,79.87073171,80.47073171,80.62682927,80.97560976,81.1804878,81.38536585,,
Fiji,FJI,"Life expectancy at birth, total (years)",SP.DYN.LE00.IN,65.57085366,65.79331707,66.0112439,66.22414634,66.43353659,66.63890244,66.8402439,67.03756098,67.23085366,67.42012195,67.60585366,67.788,67.96709756,68.14314634,68.31768293,68.49178049,68.668,68.84590244,69.02702439,69.20885366,69.39085366,69.5695122,69.74373171,69.91143902,70.07112195,70.22426829,,
France,FRA,"Life expectancy at birth, total (years)",SP.DYN.LE00.IN,76.6,76.84878049,77.1,77.3,77.64878049,77.75121951,77.95365854,78.30487805,78.60487805,78.75609756,79.05609756,79.15853659,79.26097561,79.11463415,80.16341463,80.16341463,80.81219512,81.11219512,81.21463415,81.41463415,81.66341463,82.11463415,81.96829268,82.2195122,82.67073171,82.67073171,,
Faroe Islands,FRO,"Life expectancy at birth, total (years)",SP.DYN.LE00.IN,76.11463415,76.36341463,76.61463415,76.91463415,77.16585366,77.36585366,77.61707317,77.82195122,78.02682927,78.23170732,78.43658537,78.64146341,78.84390244,78.94390244,79.14146341,79.2902439,79.58780488,79.83658537,80.13658537,80.38780488,80.63902439,80.93902439,81.1902439,81.44146341,81.48536585,81.63414634,,
Micronesia,FSM,"Life expectancy at birth, total (years)",SP.DYN.LE00.IN,66.19758537,66.31012195,66.42265854,66.53570732,66.6482439,66.7597561,66.86770732,66.97160976,67.07290244,67.17263415,67.2752439,67.38631707,67.50834146,67.64231707,67.78626829,67.93460976,68.08131707,68.21834146,68.34219512,68.45241463,68.55056098,68.64221951,68.73397561,68.83085366,68.93490244,69.04663415,,
Gabon,GAB,"Life expectancy at birth, total (years)",SP.DYN.LE00.IN,61.1457561,61.16178049,61.08543902,60.94721951,60.76868293,60.55785366,60.31329268,60.038,59.74895122,59.47404878,59.25180488,59.12119512,59.10558537,59.21785366,59.46378049,59.84256098,60.33987805,60.92212195,61.55280488,62.20502439,62.85653659,63.48868293,64.09534146,64.67087805,65.20302439,65.68441463,,
United Kingdom,GBR,"Life expectancy at birth, total (years)",SP.DYN.LE00.IN,75.8804878,76.08292683,76.43414634,76.38536585,76.88536585,76.83658537,77.08780488,77.21097561,77.1902439,77.3902439,77.74146341,77.99268293,78.14390244,78.44634146,78.74634146,79.04878049,79.24878049,79.44878049,79.6,80.05121951,80.40243902,80.95121951,80.90487805,81.00487805,81.30487805,81.60487805,,
Georgia,GEO,"Life expectancy at birth, total (years)",SP.DYN.LE00.IN,69.99960976,69.96082927,69.94773171,69.98234146,70.07568293,70.2357561,70.46604878,70.74746341,71.05790244,71.3817561,71.69339024,71.97068293,72.19856098,72.3695122,72.48104878,72.53519512,72.5424878,72.52507317,72.50312195,72.48973171,72.49804878,72.53617073,72.60363415,72.69846341,72.82063415,72.96612195,,
Ghana,GHA,"Life expectancy at birth, total (years)",SP.DYN.LE00.IN,56.75163415,57.15726829,57.43678049,57.57980488,57.59482927,57.50270732,57.34078049,57.1642439,57.02392683,56.95370732,56.98509756,57.13860976,57.39992683,57.75014634,58.17534146,58.65202439,59.15121951,59.64387805,60.10602439,60.52363415,60.89373171,61.22078049,61.52431707,61.82031707,62.11378049,62.4072439,,
Gibraltar,GIB,"Life expectancy at birth, total (years)",SP.DYN.LE00.IN,,,,,,,,,,,,,,,,,,,,,,,,,,,,
Guinea,GIN,"Life expectancy at birth, total (years)",SP.DYN.LE00.IN,49.91885366,50.52734146,51.00409756,51.35553659,51.58758537,51.69670732,51.68387805,51.57802439,51.42246341,51.26453659,51.17380488,51.22285366,51.44453659,51.85046341,52.43390244,53.15692683,53.9562439,54.7575122,55.50158537,56.16356098,56.7432439,57.26065854,57.76112195,58.27960976,58.82490244,59.39895122,,
Gambia,GMB,"Life expectancy at birth, total (years)",SP.DYN.LE00.IN,52.24573171,52.5515122,52.85621951,53.17934146,53.52990244,53.91095122,54.31858537,54.73787805,55.15682927,55.57041463,55.97802439,56.381,56.78121951,57.17863415,57.57173171,57.95658537,58.32831707,58.68456098,59.02295122,59.3435122,59.64573171,59.93056098,60.20139024,60.46217073,60.71385366,60.95743902,,
Guinea-Bissau,GNB,"Life expectancy at birth, total (years)",SP.DYN.LE00.IN,49.02429268,49.3935122,49.7752439,50.16107317,50.54409756,50.9124878,51.24897561,51.54790244,51.80702439,52.03046341,52.22704878,52.41156098,52.602,52.81217073,53.05104878,53.32190244,53.6232439,53.94780488,54.28668293,54.63819512,55.00053659,55.37365854,55.75778049,56.14965854,56.54821951,56.95039024,,
Equatorial Guinea,GNQ,"Life expectancy at birth, total (years)",SP.DYN.LE00.IN,48.22160976,48.65992683,49.12529268,49.60580488,50.0934878,50.58085366,51.05995122,51.52321951,51.96460976,52.38060976,52.76414634,53.11170732,53.4292439,53.72370732,54.00202439,54.27956098,54.57021951,54.88297561,55.22187805,55.58497561,55.95895122,56.32602439,56.66834146,56.978,57.25553659,57.50839024,,
Greece,GRC,"Life expectancy at birth, total (years)",SP.DYN.LE00.IN,76.93902439,77.13658537,77.38292683,77.3902439,77.63902439,77.58536585,77.68536585,78.13658537,77.83902439,77.98780488,77.88780488,78.38780488,78.64146341,78.84146341,79.03902439,79.23902439,79.43902439,79.43902439,79.93902439,80.18780488,80.38780488,80.73170732,80.63414634,81.28536585,81.43658537,81.58780488,,
Grenada,GRD,"Life expectancy at birth, total (years)",SP.DYN.LE00.IN,68.47502439,68.65380488,68.82560976,68.99139024,69.15419512,69.3175122,69.48631707,69.66163415,69.84746341,70.04429268,70.25160976,70.46792683,70.69073171,70.91602439,71.14280488,71.37258537,71.60690244,71.8467561,72.09014634,72.33407317,72.572,72.79641463,73.00329268,73.18909756,73.35334146,73.49953659,,
Greenland,GRL,"Life expectancy at birth, total (years)",SP.DYN.LE00.IN,65.06829268,65.03170732,65.19609756,65.58536585,65.90097561,65.64414634,65.76731707,65.79804878,66.15707317,66.40341463,66.96341463,67.60780488,68.16268293,68.43536585,68.80682927,69.22073171,69.51926829,69.98268293,70.21341463,70.46780488,70.85707317,71.06243902,71.29902439,71.8304878,,,,
Guatemala,GTM,"Life expectancy at birth, total (years)",SP.DYN.LE00.IN,62.26378049,62.79914634,63.34826829,63.91168293,64.48692683,65.0665122,65.64441463,66.21209756,66.76146341,67.28346341,67.77102439,68.21658537,68.62112195,68.99109756,69.3314878,69.65434146,69.97568293,70.30558537,70.65104878,71.01260976,71.38621951,71.75885366,72.11846341,72.45402439,72.76202439,73.04297561,,
Guam,GUM,"Life expectancy at birth, total (years)",SP.DYN.LE00.IN,72.04409756,72.28760976,72.54007317,72.80453659,73.08395122,73.38131707,73.69917073,74.034,74.38229268,74.7384878,75.0975122,75.45121951,75.79507317,76.12512195,76.43897561,76.74034146,77.03246341,77.32104878,77.6102439,77.89902439,78.18285366,78.45656098,78.71439024,78.95363415,79.17373171,79.37763415,,
Guyana,GUY,"Life expectancy at birth, total (years)",SP.DYN.LE00.IN,63.36756098,63.50217073,63.64909756,63.8047561,63.96704878,64.13346341,64.30092683,64.46646341,64.62804878,64.78363415,64.93119512,65.06970732,65.20065854,65.32507317,65.44292683,65.5532439,65.65653659,65.75382927,65.84660976,65.93682927,66.02641463,66.11878049,66.21587805,66.31765854,66.42614634,66.53936585,,
High income,HIC,"Life expectancy at birth, total (years)",SP.DYN.LE00.IN,75.4316392,75.60488009,75.86152449,75.9429343,76.22719931,76.29244528,76.66644073,76.99918603,77.18360612,77.33820884,77.61678269,77.91327513,78.05537314,78.1797977,78.60094158,78.69842454,79.00269464,79.23508611,79.38339134,79.66030739,79.84218174,80.08194663,80.19796792,80.3808347,80.61483831,80.74130969,,
Hong Kong,HKG,"Life expectancy at birth, total (years)",SP.DYN.LE00.IN,77.3804878,77.88292683,77.67804878,78.03170732,78.52926829,78.68292683,79.62682927,80.12682927,80.13170732,80.38292683,80.87804878,81.42439024,81.47804878,81.32926829,81.7804878,81.5804878,82.37560976,82.32682927,82.37560976,82.77560976,82.97804878,83.42195122,83.4804878,83.83170732,83.9804878,84.27804878,,
Honduras,HND,"Life expectancy at birth, total (years)",SP.DYN.LE00.IN,66.68904878,67.14363415,67.57919512,68.0087561,68.43680488,68.85839024,69.2615122,69.63070732,69.95897561,70.24580488,70.49419512,70.71212195,70.91104878,71.10295122,71.29282927,71.48217073,71.67297561,71.85926829,72.04102439,72.21829268,72.39504878,72.57278049,72.754,72.93970732,73.12990244,73.32460976,,
Heavily indebted poor countries (HIPC),HPC,"Life expectancy at birth, total (years)",SP.DYN.LE00.IN,49.6498445,49.7474975,49.87892587,50.04950521,50.25155713,50.47994173,50.73718656,51.02843185,51.36011198,51.73955294,52.17742899,52.68462429,53.26292762,53.90680985,54.60455923,55.34084123,56.09826368,56.85666492,57.59680361,58.30389402,58.96646682,59.57860688,60.14651181,60.67593748,61.16724084,61.6223619,,
Croatia,HRV,"Life expectancy at birth, total (years)",SP.DYN.LE00.IN,72.1704878,72.18536585,71.24146341,71.52243902,71.80341463,72.08439024,72.36536585,72.49512195,72.31707317,72.64195122,72.80780488,74.51292683,74.71731707,74.61390244,75.5202439,75.24463415,75.83682927,75.70560976,75.91219512,76.16829268,76.47560976,76.77560976,76.92439024,77.12682927,77.47804878,77.27560976,,
Haiti,HTI,"Life expectancy at birth, total (years)",SP.DYN.LE00.IN,54.56931707,54.91441463,55.25595122,55.59846341,55.9405122,56.27565854,56.59495122,56.89290244,57.16902439,57.42626829,57.67604878,57.92978049,58.19936585,58.4952439,58.82092683,59.17946341,59.56992683,59.98241463,60.40653659,60.83378049,61.25319512,61.6552439,62.03436585,62.388,62.71314634,63.01078049,,
Hungary,HUN,"Life expectancy at birth, total (years)",SP.DYN.LE00.IN,69.31560976,69.37707317,69.11707317,69.10121951,69.4697561,69.79170732,70.32878049,70.70243902,70.55780488,70.67707317,71.24634146,72.24878049,72.34878049,72.3,72.64878049,72.64878049,73.09756098,73.15121951,73.70243902,73.90487805,74.20731707,74.85853659,75.06341463,75.56585366,75.76341463,75.96097561,,
IBRD only,IBD,"Life expectancy at birth, total (years)",SP.DYN.LE00.IN,65.44175898,65.69053252,65.89395483,66.08293835,66.33513452,66.62247192,66.96143127,67.31870138,67.65182869,67.93842026,68.25188245,68.57579036,68.87857596,69.18160353,69.49764255,69.78631275,70.11443797,70.42523948,70.71417844,71.02548525,71.30696304,71.60250652,71.86153187,72.11589743,72.34335635,72.55544022,,
IDA & IBRD total,IBT,"Life expectancy at birth, total (years)",SP.DYN.LE00.IN,63.1554121,63.37235277,63.54476098,63.71087907,63.93012328,64.18125386,64.4775484,64.7960531,65.09081405,65.35849501,65.65701,65.96854865,66.27287383,66.58788359,66.92221269,67.24279352,67.59903674,67.94414797,68.27134744,68.61169322,68.92197931,69.23511107,69.51357594,69.78210044,70.02402922,70.24842028,,
IDA total,IDA,"Life expectancy at birth, total (years)",SP.DYN.LE00.IN,53.75863343,53.92904626,54.10707812,54.29316899,54.49396091,54.71476594,54.9578887,55.21930105,55.49669156,55.80369169,56.14469728,56.52928924,56.95905102,57.43449649,57.94934697,58.49378303,59.0573118,59.62749611,60.18825967,60.72666354,61.23310031,61.7024605,62.13760262,62.54378434,62.92237258,63.27507351,,
IDA blend,IDB,"Life expectancy at birth, total (years)",SP.DYN.LE00.IN,55.18087968,55.16998515,55.14628218,55.10175933,55.05991846,55.02693458,55.01355808,55.02964654,55.06911502,55.15151863,55.29236981,55.49982799,55.77811628,56.11098554,56.50454897,56.94700671,57.42841891,57.93395003,58.44613306,58.94992619,59.4382176,59.89242819,60.30603558,60.68853703,61.03881152,61.35832808,,
Indonesia,IDN,"Life expectancy at birth, total (years)",SP.DYN.LE00.IN,63.25990244,63.61629268,63.97426829,64.32829268,64.67385366,65.00187805,65.30582927,65.58217073,65.82939024,66.04946341,66.24687805,66.43012195,66.6082439,66.78880488,66.97487805,67.16856098,67.3684878,67.56973171,67.76829268,67.96314634,68.15273171,68.33741463,68.51758537,68.69512195,68.8684878,69.03863415,,
IDA only,IDX,"Life expectancy at birth, total (years)",SP.DYN.LE00.IN,53.03928504,53.30192788,53.58254014,53.88589439,54.20950063,54.55819064,54.93001221,55.31415872,55.71023902,56.12885621,56.56886657,57.0404785,57.54413118,58.0884918,58.6617343,59.25516537,59.85814685,60.4595565,61.04404418,61.59966225,62.11612449,62.59424284,63.04081966,63.45961686,63.8531217,64.22299397,,
Isle of Man,IMN,"Life expectancy at birth, total (years)",SP.DYN.LE00.IN,,,,,76.52926829,,,,,,,,77.96585366,,,,,,,,,,,,,,,
India,IND,"Life expectancy at birth, total (years)",SP.DYN.LE00.IN,57.92653659,58.42253659,58.92941463,59.43678049,59.93770732,60.4247561,60.89297561,61.34290244,61.77502439,62.19085366,62.59339024,62.98563415,63.37453659,63.76497561,64.15839024,64.56009756,64.97090244,65.3897561,65.81065854,66.23017073,66.63992683,67.03165854,67.40007317,67.73934146,68.05002439,68.33260976,,
Not classified,INX,"Life expectancy at birth, total (years)",SP.DYN.LE00.IN,,,,,,,,,,,,,,,,,,,,,,,,,,,,
Ireland,IRL,"Life expectancy at birth, total (years)",SP.DYN.LE00.IN,74.80909756,75.00526829,75.18095122,75.33612195,75.47680488,75.61756098,75.83170732,75.98536585,76.1804878,76.08292683,76.53658537,77.13414634,77.63414634,78.13902439,78.53902439,78.94390244,79.24146341,79.64146341,80.09512195,80.1902439,80.74390244,80.74634146,80.84634146,81,81.34878049,81.50243902,,
Iran,IRN,"Life expectancy at birth, total (years)",SP.DYN.LE00.IN,63.88287805,65.14534146,66.2035122,67.07821951,67.77139024,68.30592683,68.72214634,69.07631707,69.41556098,69.76595122,70.13719512,70.52165854,70.89843902,71.25385366,71.59363415,71.93070732,72.28363415,72.66321951,73.07309756,73.50919512,73.95619512,74.39460976,74.80282927,75.16541463,75.47819512,75.74263415,,
Iraq,IRQ,"Life expectancy at birth, total (years)",SP.DYN.LE00.IN,66.1317561,66.74095122,67.26443902,67.73543902,68.1527561,68.51026829,68.79729268,69.00678049,69.13856098,69.19592683,69.17931707,69.09,68.94202439,68.75731707,68.56012195,68.38168293,68.25502439,68.19653659,68.21431707,68.31246341,68.48217073,68.70473171,68.9507561,69.19546341,69.42560976,69.63460976,,
Iceland,ISL,"Life expectancy at birth, total (years)",SP.DYN.LE00.IN,78.03634146,77.99195122,78.7602439,78.93463415,79.24707317,77.98439024,78.77780488,78.88536585,79.60243902,79.35121951,79.65365854,80.6902439,80.50243902,80.96341463,80.99756098,81.50243902,81.15853659,81.45365854,81.6097561,81.75121951,81.89756098,82.35853659,82.91707317,82.06097561,82.86097561,82.86097561,,
Israel,ISR,"Life expectancy at birth, total (years)",SP.DYN.LE00.IN,76.60731707,76.75853659,76.50487805,77.15365854,77.40243902,77.45121951,78.10487805,78,78.14878049,78.65853659,78.95365854,79.40731707,79.45121951,79.64878049,80.14634146,80.15121951,80.55365854,80.50487805,80.95121951,81.40487805,81.60243902,81.65609756,81.70487805,82.05609756,82.15365854,82.05121951,,
Italy,ITA,"Life expectancy at birth, total (years)",SP.DYN.LE00.IN,76.97073171,77.0195122,77.4195122,77.72195122,77.92195122,78.17073171,78.52195122,78.82439024,78.97560976,79.42439024,79.77804878,80.12682927,80.22926829,79.98292683,80.7804878,80.78292683,81.28292683,81.43414634,81.48536585,81.63658537,82.03658537,82.18780488,82.23902439,82.6902439,83.0902439,83.4902439,,
Jamaica,JAM,"Life expectancy at birth, total (years)",SP.DYN.LE00.IN,72.01597561,71.98753659,71.96273171,71.94365854,71.93536585,71.94239024,71.96819512,72.01570732,72.08685366,72.18465854,72.31317073,72.47695122,72.67502439,72.90292683,73.15560976,73.42802439,73.71512195,74.00878049,74.30043902,74.58253659,74.8464878,75.0852439,75.29982927,75.49026829,75.65853659,75.80668293,,
Jordan,JOR,"Life expectancy at birth, total (years)",SP.DYN.LE00.IN,69.92085366,70.15731707,70.37226829,70.5687561,70.7512439,70.92573171,71.09568293,71.26356098,71.43287805,71.60509756,71.7797561,71.95636585,72.1324878,72.30460976,72.4737561,72.63890244,72.80156098,72.96219512,73.12229268,73.28085366,73.43839024,73.59390244,73.74690244,73.89692683,74.04495122,74.19102439,,
Japan,JPN,"Life expectancy at birth, total (years)",SP.DYN.LE00.IN,78.83682927,79.10073171,79.15390244,79.29365854,79.68707317,79.53634146,80.2002439,80.42414634,80.50146341,80.57073171,81.07609756,81.41707317,81.56341463,81.76,82.0302439,81.92512195,82.32195122,82.50707317,82.58756098,82.93146341,82.84268293,82.59121951,83.09609756,83.33195122,83.58780488,83.84365854,,
Kazakhstan,KAZ,"Life expectancy at birth, total (years)",SP.DYN.LE00.IN,68.33658537,67.98292683,67.73170732,66.72682927,65.67317073,64.9195122,64.1097561,64.46341463,64.56097561,65.5195122,65.51707317,65.76829268,65.96829268,65.86585366,65.88780488,65.9097561,66.16097561,66.50487805,67.02195122,68.42926829,68.29536585,68.98,69.61,70.45,71.62,72,,
Kenya,KEN,"Life expectancy at birth, total (years)",SP.DYN.LE00.IN,57.54682927,56.93060976,56.22587805,55.46368293,54.68407317,53.92356098,53.21509756,52.59504878,52.1077561,51.80104878,51.74092683,51.98785366,52.5427561,53.3845122,54.47895122,55.78021951,57.22797561,58.73907317,60.22856098,61.63163415,62.88814634,63.96058537,64.85992683,65.60307317,66.19414634,66.64565854,,
Kyrgyzstan,KGZ,"Life expectancy at birth, total (years)",SP.DYN.LE00.IN,68.29756098,68.55121951,68.10243902,67.19268293,66.03902439,65.7902439,66.54390244,66.89268293,67.05121951,68.65609756,68.55853659,68.70731707,68.15609756,68.25609756,68.15365854,67.95609756,67.69512195,67.89512195,68.45121951,69.10243902,69.3,69.60243902,70.00243902,70.20243902,70.40243902,70.65121951,,
Cambodia,KHM,"Life expectancy at birth, total (years)",SP.DYN.LE00.IN,53.51007317,53.83634146,54.15078049,54.4417561,54.75021951,55.12165854,55.58602439,56.14385366,56.79160976,57.52880488,58.35087805,59.24726829,60.1874878,61.13758537,62.07360976,62.96921951,63.80209756,64.56634146,65.2584878,65.87597561,66.41968293,66.89739024,67.32739024,67.72802439,68.1062439,68.47204878,,
Kiribati,KIR,"Life expectancy at birth, total (years)",SP.DYN.LE00.IN,60.35082927,60.83458537,61.29973171,61.73729268,62.13978049,62.50565854,62.83731707,63.14460976,63.43290244,63.70260976,63.95068293,64.17312195,64.36646341,64.53073171,64.66990244,64.78697561,64.88841463,64.98070732,65.07239024,65.169,65.27756098,65.40265854,65.54385366,65.70017073,65.87060976,66.05219512,,
St. Kitts and Nevis,KNA,"Life expectancy at birth, total (years)",SP.DYN.LE00.IN,,,67.95121951,,,,,70.03634146,,,,,71.33658537,,,,,,,,,,,,,,,
South Korea,KOR,"Life expectancy at birth, total (years)",SP.DYN.LE00.IN,71.2997561,71.7302439,72.2004878,72.68195122,73.04317073,73.39439024,73.83121951,74.24780488,74.6802439,75.37341463,75.83536585,76.34195122,76.83902439,77.2502439,77.84658537,78.43268293,78.96926829,79.3495122,79.83268293,80.29731707,80.55121951,80.96707317,81.21341463,81.70512195,82.15585366,82.15585366,,
Kuwait,KWT,"Life expectancy at birth, total (years)",SP.DYN.LE00.IN,72.30514634,72.44853659,72.57685366,72.69363415,72.80187805,72.90258537,72.9972439,73.08639024,73.169,73.24809756,73.32370732,73.39585366,73.46404878,73.5297561,73.59597561,73.66514634,73.74121951,73.82514634,73.91887805,74.02143902,74.13285366,74.25165854,74.37441463,74.49868293,74.6234878,74.74682927,,
Latin America & Caribbean (excluding high income),LAC,"Life expectancy at birth, total (years)",SP.DYN.LE00.IN,67.5110631,67.86955626,68.24133968,68.62288574,69.01454104,69.41092788,69.80700683,70.19711976,70.57315467,70.93407954,71.27607582,71.59847956,71.90451456,72.1952236,72.47454842,72.74393402,73.00611736,73.26252817,73.51496587,73.76332564,74.00789206,74.24702414,74.47922841,74.70349166,74.92018456,75.13039619,,
Laos,LAO,"Life expectancy at birth, total (years)",SP.DYN.LE00.IN,53.55207317,54.05270732,54.55643902,55.06782927,55.58746341,56.11729268,56.65682927,57.20343902,57.75756098,58.31617073,58.8797561,59.44982927,60.02541463,60.60202439,61.17712195,61.74421951,62.29773171,62.83365854,63.3484878,63.83868293,64.30329268,64.74031707,65.15378049,65.54719512,65.92263415,66.28404878,,
Lebanon,LBN,"Life expectancy at birth, total (years)",SP.DYN.LE00.IN,70.22114634,70.53604878,70.87678049,71.24621951,71.64387805,72.06819512,72.51717073,72.98387805,73.46141463,73.94482927,74.43170732,74.92112195,75.41209756,75.89921951,76.375,76.82897561,77.25014634,77.6334878,77.97646341,78.27756098,78.53826829,78.76456098,78.96541463,79.15031707,79.32626829,79.4982439,,
Liberia,LBR,"Life expectancy at birth, total (years)",SP.DYN.LE00.IN,47.20243902,47.42273171,47.8514878,48.48365854,49.28695122,50.16282927,50.9795122,51.63331707,52.0707561,52.30117073,52.40760976,52.52743902,52.7967561,53.30509756,54.06414634,55.03107317,56.11334146,57.18326829,58.14170732,58.95163415,59.6055122,60.12880488,60.58953659,61.04117073,61.5012439,61.98021951,,
Libya,LBY,"Life expectancy at birth, total (years)",SP.DYN.LE00.IN,68.62990244,68.96873171,69.27507317,69.54090244,69.76568293,69.95090244,70.10102439,70.2275122,70.34180488,70.45185366,70.57253659,70.71678049,70.88553659,71.07485366,71.27680488,71.471,71.63107317,71.73865854,71.78695122,71.7805122,71.73697561,71.68334146,71.65007317,71.65909756,71.71939024,71.83039024,,
St. Lucia,LCA,"Life expectancy at birth, total (years)",SP.DYN.LE00.IN,71.04943902,71.13817073,71.1945122,71.2145122,71.20514634,71.18095122,71.1574878,71.15529268,71.19136585,71.27617073,71.42353659,71.64280488,71.92436585,72.2537561,72.61809756,72.99563415,73.36214634,73.69995122,73.99673171,74.24614634,74.45065854,74.6217561,74.77865854,74.93773171,75.10436585,75.2835122,,
Latin America & Caribbean,LCN,"Life expectancy at birth, total (years)",SP.DYN.LE00.IN,67.78756795,68.13867471,68.50237706,68.87600049,69.2596147,69.64825514,70.03722057,70.42069174,70.79088567,71.14654618,71.49048847,71.80863119,72.11244215,72.39844483,72.67156077,72.93461145,73.19071497,73.44009847,73.68192639,73.92526865,74.16438652,74.39995913,74.62757504,74.848883,75.06371707,75.27120874,,
Least developed countries: UN classification,LDC,"Life expectancy at birth, total (years)",SP.DYN.LE00.IN,51.69973692,51.97191451,52.2794369,52.62515647,53.00198475,53.40387755,53.82746305,54.26999759,54.72969449,55.20694594,55.70534573,56.23174458,56.7910298,57.38256549,58.00044906,58.63727333,59.28447956,59.93060337,60.56390493,61.17491514,61.75359909,62.29236486,62.79193465,63.25377625,63.67757136,64.0646819,,
Low income,LIC,"Life expectancy at birth, total (years)",SP.DYN.LE00.IN,49.82757664,49.92996647,50.05436393,50.20691803,50.3814688,50.5796627,50.81358057,51.09605287,51.436865,51.84206289,52.31635846,52.86199624,53.47259386,54.13790408,54.84602026,55.58465239,56.34193117,57.10391636,57.85569003,58.58318768,59.27368388,59.91839028,60.51870252,61.07649225,61.59026379,62.06047438,,
Liechtenstein,LIE,"Life expectancy at birth, total (years)",SP.DYN.LE00.IN,,,,,78.42195122,77.3902439,76.83658537,76.04634146,77.74634146,79.1097561,76.82682927,79.27560976,79.63658537,79.96097561,81.77073171,80.66829268,80.94878049,81.29512195,82.68292683,81.5,81.84146341,81.79268293,82.38292683,82.26097561,82.07317073,82.07317073,,
Sri Lanka,LKA,"Life expectancy at birth, total (years)",SP.DYN.LE00.IN,69.6552439,69.75795122,69.77514634,69.69592683,69.54565854,69.39726829,69.35087805,69.48131707,69.82585366,70.37609756,71.07968293,71.84919512,72.57958537,73.18931707,73.64482927,73.93560976,74.08507317,74.15512195,74.20117073,74.24765854,74.31302439,74.4072439,74.52431707,74.65929268,74.81465854,74.98895122,,
Lower middle income,LMC,"Life expectancy at birth, total (years)",SP.DYN.LE00.IN,59.51327503,59.82944232,60.18390187,60.51412528,60.83836607,61.15763163,61.48362547,61.81748623,62.15027062,62.46910141,62.77386848,63.09838756,63.41932207,63.75037636,64.09121385,64.43795562,64.79907534,65.16581905,65.52903001,65.90151693,66.26247496,66.59661259,66.90478931,67.19332042,67.45876614,67.7051777,,
Low & middle income,LMY,"Life expectancy at birth, total (years)",SP.DYN.LE00.IN,63.10605218,63.32667319,63.49355771,63.65308903,63.86816184,64.11405956,64.40477325,64.71889154,65.01158687,65.28152437,65.57977546,65.89344233,66.2010013,66.5204032,66.85716377,67.1800052,67.53803377,67.88503967,68.21289415,68.55521334,68.86513362,69.17862416,69.45985393,69.72966133,69.97035579,70.19326103,,
Lesotho,LSO,"Life expectancy at birth, total (years)",SP.DYN.LE00.IN,59.07634146,59.33082927,59.25617073,58.80295122,57.9692439,56.75968293,55.20987805,53.4467561,51.61558537,49.84112195,48.2785122,47.07041463,46.2695122,45.89558537,45.94846341,46.38702439,47.12468293,48.02319512,48.95743902,49.85380488,50.66121951,51.36119512,51.98656098,52.56502439,53.09321951,53.57009756,,
Late-demographic dividend,LTE,"Life expectancy at birth, total (years)",SP.DYN.LE00.IN,69.04728437,69.17324579,69.19984409,69.2096985,69.34005201,69.5617447,69.89243938,70.24841855,70.59142591,70.87602162,71.22726012,71.60625645,71.96239187,72.31412049,72.68178011,72.99092752,73.35165221,73.6659887,73.93370223,74.22007263,74.44445196,74.71367232,74.92439958,75.14546135,75.33914932,75.52288235,,
Lithuania,LTU,"Life expectancy at birth, total (years)",SP.DYN.LE00.IN,71.16073171,70.36414634,70.23439024,68.9104878,68.5302439,69.00634146,70.10804878,70.90902439,71.2195122,71.57073171,72.0195122,71.65853659,71.76097561,72.06097561,71.96097561,71.25365854,71.05609756,70.9,71.81219512,72.91463415,73.26829268,73.56341463,73.86341463,73.91463415,74.51707317,75.1195122,,
Luxembourg,LUX,"Life expectancy at birth, total (years)",SP.DYN.LE00.IN,75.01041463,75.46341463,75.77073171,75.71219512,76.37073171,76.51219512,76.5195122,76.8804878,77.01707317,77.77073171,77.87317073,77.82439024,77.96585366,77.72682927,79.12195122,79.43170732,79.28780488,79.38292683,80.53902439,80.63658537,80.63170732,80.98780488,81.39268293,81.8,82.22926829,82.22926829,,
Latvia,LVA,"Life expectancy at birth, total (years)",SP.DYN.LE00.IN,69.27317073,69.03243902,68.39609756,66.72268293,65.66439024,66.39121951,68.77658537,69.34926829,69.01219512,69.74292683,70.31463415,70.76097561,70.96097561,71.26585366,72.02682927,71.35609756,70.86585366,71.0195122,72.4195122,73.0804878,73.48292683,73.57560976,73.77804878,73.98292683,74.12439024,74.12439024,,
Macao,MAC,"Life expectancy at birth, total (years)",SP.DYN.LE00.IN,77.16217073,77.4697561,77.78558537,78.11226829,78.44829268,78.78709756,79.121,79.44082927,79.74192683,80.02026829,80.27634146,80.51268293,80.73546341,80.9517561,81.16614634,81.38265854,81.60780488,81.84158537,82.08246341,82.32846341,82.57356098,82.81126829,83.03458537,83.24046341,83.42692683,83.59490244,,
St. Martin,MAF,"Life expectancy at birth, total (years)",SP.DYN.LE00.IN,74.52195122,75.92439024,75.42439024,75.57317073,75.82195122,75.97073171,76.17073171,76.37073171,76.57073171,76.77073171,76.97073171,77.17073171,77.37073171,77.57073171,77.72195122,77.87073171,78.07073171,78.22195122,78.37073171,78.57073171,78.72195122,78.87073171,79.02195122,79.17073171,79.32195122,79.47073171,,
Morocco,MAR,"Life expectancy at birth, total (years)",SP.DYN.LE00.IN,64.67897561,65.19660976,65.65831707,66.06929268,66.44056098,66.78470732,67.11817073,67.45792683,67.81980488,68.21426829,68.65214634,69.14029268,69.67014634,70.22973171,70.80856098,71.39285366,71.96785366,72.5202439,73.03812195,73.51346341,73.94107317,74.3202439,74.66065854,74.97014634,75.25514634,75.52014634,,
Monaco,MCO,"Life expectancy at birth, total (years)",SP.DYN.LE00.IN,,,,,,,,,,,,,,,,,,,,,,,,,,,,
Moldova,MDA,"Life expectancy at birth, total (years)",SP.DYN.LE00.IN,67.46565854,67.39231707,67.24541463,67.06704878,66.88334146,66.72782927,66.62909756,66.59509756,66.63031707,66.73478049,66.89102439,67.07060976,67.2474878,67.40656098,67.54973171,67.70380488,67.90602439,68.18726829,68.5585122,69.0102439,69.51065854,70.01592683,70.47831707,70.86456098,71.16168293,71.37121951,,
Madagascar,MDG,"Life expectancy at birth, total (years)",SP.DYN.LE00.IN,51.00809756,51.5982439,52.28012195,53.02280488,53.80729268,54.61404878,55.427,56.2335122,57.02043902,57.77173171,58.47280488,59.11360976,59.69917073,60.2355122,60.72870732,61.18729268,61.62387805,62.05153659,62.48031707,62.9152439,63.35780488,63.80546341,64.24912195,64.6817561,65.10131707,65.50782927,,
Maldives,MDV,"Life expectancy at birth, total (years)",SP.DYN.LE00.IN,61.37843902,62.21821951,63.05541463,63.88370732,64.70465854,65.53246341,66.38563415,67.27426829,68.19965854,69.15292683,70.11946341,71.08185366,72.01365854,72.88821951,73.68563415,74.3787561,74.94673171,75.39302439,75.73070732,75.97653659,76.15690244,76.30631707,76.45743902,76.63595122,76.85587805,77.12026829,,
Middle East & North Africa,MEA,"Life expectancy at birth, total (years)",SP.DYN.LE00.IN,65.76490297,66.35960107,66.83561069,67.32544119,67.76336057,68.18652724,68.55985246,68.89219178,69.20656354,69.51205713,69.80253061,70.08638224,70.35184832,70.61312006,70.87790537,71.12919398,71.3849684,71.62518569,71.86372716,72.09286546,72.306228,72.50923435,72.71107939,72.92047395,73.12388055,73.32241546,,
Mexico,MEX,"Life expectancy at birth, total (years)",SP.DYN.LE00.IN,70.79573171,71.19097561,71.58582927,71.97782927,72.36385366,72.73978049,73.09890244,73.43714634,73.75141463,74.0392439,74.29973171,74.5334878,74.74470732,74.9375122,75.1154878,75.28209756,75.43978049,75.59043902,75.7375122,75.88346341,76.03385366,76.19019512,76.35358537,76.52307317,76.69917073,76.88136585,,
Marshall Islands,MHL,"Life expectancy at birth, total (years)",SP.DYN.LE00.IN,,,,,,,,,,67.50487805,65.23902439,,,,,,,,,,,,,,,,,
Middle income,MIC,"Life expectancy at birth, total (years)",SP.DYN.LE00.IN,64.18886695,64.42852284,64.61393176,64.78793192,65.02075224,65.28510665,65.59512916,65.92424935,66.22951727,66.50286324,66.79965891,67.10952004,67.40689043,67.71180415,68.03095985,68.33088635,68.66662559,68.9887853,69.28978248,69.60824126,69.89393032,70.18768581,70.44968286,70.70287366,70.92783423,71.13718238,,
Macedonia,MKD,"Life expectancy at birth, total (years)",SP.DYN.LE00.IN,71.14763415,71.32565854,71.49473171,71.67092683,71.86031707,72.06729268,72.29521951,72.5354878,72.78158537,73.02560976,73.25631707,73.46053659,73.63295122,73.77168293,73.88114634,73.97117073,74.05846341,74.15817073,74.281,74.42982927,74.60409756,74.79587805,74.99085366,75.17970732,75.358,75.52431707,,
Mali,MLI,"Life expectancy at birth, total (years)",SP.DYN.LE00.IN,45.73185366,46.0614878,46.29012195,46.42936585,46.5037561,46.55634146,46.64060976,46.80497561,47.08492683,47.49739024,48.05234146,48.7417561,49.52460976,50.35690244,51.20809756,52.04070732,52.82126829,53.53429268,54.17431707,54.73629268,55.2297561,55.67463415,56.10243902,56.53612195,56.98670732,57.45770732,,
Malta,MLT,"Life expectancy at birth, total (years)",SP.DYN.LE00.IN,75.93568293,76.14468293,76.35165854,76.55614634,76.75812195,77.14146341,77.14146341,77.5902439,77.38780488,77.3,78.2,78.84390244,78.73902439,78.54634146,79.25365854,79.3,79.43902439,79.79268293,79.63658537,80.24146341,81.39756098,80.74634146,80.74634146,81.74634146,81.94634146,81.94634146,,
Myanmar,MMR,"Life expectancy at birth, total (years)",SP.DYN.LE00.IN,58.69417073,59.0484878,59.39631707,59.73917073,60.07704878,60.41143902,60.74590244,61.07990244,61.41443902,61.74897561,62.07702439,62.39402439,62.696,62.98287805,63.25763415,63.52919512,63.81097561,64.1104878,64.4302439,64.76478049,65.10417073,65.4305122,65.72895122,65.9884878,66.20721951,66.38563415,,
Middle East & North Africa (excluding high income),MNA,"Life expectancy at birth, total (years)",SP.DYN.LE00.IN,65.1281518,65.74479081,66.29155155,66.78492627,67.23095204,67.63649031,68.00732218,68.34894883,68.66724828,68.96835067,69.25757342,69.5392943,69.81394528,70.08265796,70.34787077,70.60909369,70.86453907,71.11015676,71.34210949,71.5611842,71.76968311,71.97338721,72.17691421,72.38275192,72.58932144,72.7953708,,
Montenegro,MNE,"Life expectancy at birth, total (years)",SP.DYN.LE00.IN,74.44336585,74.51041463,74.50065854,74.40860976,74.24221951,74.02221951,73.77878049,73.54904878,73.36385366,73.23863415,73.18107317,73.183,73.22773171,73.30195122,73.40717073,73.55619512,73.76621951,74.04390244,74.38653659,74.78156098,75.20353659,75.62312195,76.01407317,76.35512195,76.63885366,76.86431707,,
Mongolia,MNG,"Life expectancy at birth, total (years)",SP.DYN.LE00.IN,60.2677561,60.4882439,60.67236585,60.84319512,61.01558537,61.21058537,61.44804878,61.73646341,62.07953659,62.4757561,62.91536585,63.38180488,63.85468293,64.31804878,64.76514634,65.19912195,65.63095122,66.07287805,66.52768293,66.99026829,67.44556098,67.87553659,68.26314634,68.59985366,68.88260976,69.11587805,,
Northern Mariana Islands,MNP,"Life expectancy at birth, total (years)",SP.DYN.LE00.IN,,,,,,,,,,,,,,,,,,,,,,,,,,,,
Mozambique,MOZ,"Life expectancy at birth, total (years)",SP.DYN.LE00.IN,42.84590244,43.21534146,43.66070732,44.18202439,44.77034146,45.39926829,46.03490244,46.64931707,47.22602439,47.76097561,48.27007317,48.78214634,49.32858537,49.92873171,50.58304878,51.279,51.99212195,52.6955122,53.36678049,54.0005122,54.6017561,55.18758537,55.77653659,56.37960976,56.99434146,57.60926829,,
Mauritania,MRT,"Life expectancy at birth, total (years)",SP.DYN.LE00.IN,58.3642439,58.58019512,58.7845122,58.98173171,59.17387805,59.3574878,59.52409756,59.66826829,59.79002439,59.89190244,59.98492683,60.08014634,60.18953659,60.32107317,60.48126829,60.67358537,60.89753659,61.14660976,61.41021951,61.68182927,61.95136585,62.2097561,62.45095122,62.67195122,62.8702439,63.04636585,,
Mauritius,MUS,"Life expectancy at birth, total (years)",SP.DYN.LE00.IN,69.40487805,69.95609756,70.05853659,70.10731707,70.15853659,70.32585366,70.32292683,70.40487805,70.60731707,70.96097561,71.66341463,71.76585366,71.96585366,72.12130081,72.27674797,72.43219512,72.43219512,72.57073171,72.57073171,72.88243902,72.96731707,73.26682927,73.86341463,74.01707317,74.19439024,74.35317073,,
Malawi,MWI,"Life expectancy at birth, total (years)",SP.DYN.LE00.IN,46.51295122,46.5717561,46.60507317,46.614,46.60556098,46.57485366,46.51290244,46.43558537,46.36870732,46.35053659,46.43634146,46.68434146,47.13034146,47.79119512,48.67129268,49.77156098,51.08,52.53926829,54.08012195,55.64270732,57.1562439,58.55736585,59.81473171,60.90643902,61.81660976,62.54336585,,
Malaysia,MYS,"Life expectancy at birth, total (years)",SP.DYN.LE00.IN,70.74212195,70.973,71.19841463,71.41831707,71.63221951,71.84314634,72.05109756,72.25607317,72.45758537,72.65412195,72.83963415,73.00909756,73.15946341,73.2922439,73.40997561,73.52268293,73.6404878,73.77243902,73.92456098,74.09787805,74.28685366,74.48643902,74.68556098,74.87565854,75.05370732,75.22019512,,
North America,NAC,"Life expectancy at birth, total (years)",SP.DYN.LE00.IN,75.43126468,75.58472222,75.78753608,75.64574496,75.84289757,75.85584528,76.24546582,76.63251134,76.78621881,76.80954808,76.89243196,77.09747435,77.1976618,77.31265491,77.74935242,77.76444426,77.94434805,78.23954091,78.30097125,78.64290788,78.8046116,78.92051971,79.02514782,79.04497199,79.06415393,79.08222552,,
Namibia,NAM,"Life expectancy at birth, total (years)",SP.DYN.LE00.IN,61.45385366,61.53307317,61.44058537,61.17356098,60.73463415,60.12192683,59.33804878,58.42641463,57.44987805,56.46680488,55.54209756,54.73217073,54.07982927,53.62578049,53.4107561,53.48880488,53.90246341,54.62463415,55.60134146,56.77773171,58.07460976,59.40392683,60.68470732,61.84543902,62.83892683,63.63643902,,
New Caledonia,NCL,"Life expectancy at birth, total (years)",SP.DYN.LE00.IN,70.48536585,70.35853659,71.61463415,71.65609756,70.67317073,72.0097561,71.99756098,71.73902439,74.37560976,73.87560976,75.16341463,74.83170732,75.10243902,75.27073171,75.51463415,75.16829268,76.46097561,75.94634146,76.45609756,76.96585366,77.47317073,76.72682927,77.12195122,77.32195122,77.57317073,77.77317073,,
Niger,NER,"Life expectancy at birth, total (years)",SP.DYN.LE00.IN,43.50914634,44.0754878,44.67846341,45.31002439,45.96421951,46.6295122,47.29539024,47.95329268,48.59968293,49.23253659,49.85580488,50.47797561,51.10953659,51.75897561,52.42778049,53.12241463,53.84682927,54.59456098,55.35312195,56.11004878,56.84541463,57.53629268,58.1702439,58.73880488,59.2405122,59.68187805,,
Nigeria,NGA,"Life expectancy at birth, total (years)",SP.DYN.LE00.IN,45.89463415,45.86978049,45.85265854,45.84080488,45.83970732,45.85131707,45.87704878,45.92129268,45.99246341,46.10002439,46.26443902,46.50573171,46.82995122,47.23463415,47.71078049,48.23836585,48.79285366,49.34626829,49.87756098,50.37573171,50.83726829,51.26968293,51.6904878,52.11270732,52.54134146,52.97792683,,
Nicaragua,NIC,"Life expectancy at birth, total (years)",SP.DYN.LE00.IN,64.135,64.88409756,65.59141463,66.23914634,66.82163415,67.3427561,67.818,68.27409756,68.72880488,69.1902439,69.65807317,70.12741463,70.58587805,71.025,71.44290244,71.83858537,72.21504878,72.57621951,72.925,73.26387805,73.59234146,73.90736585,74.20946341,74.49809756,74.77278049,75.038,,
Netherlands,NLD,"Life expectancy at birth, total (years)",SP.DYN.LE00.IN,76.87804878,77,77.21707317,76.91658537,77.37512195,77.40463415,77.43560976,77.79439024,77.88292683,77.83658537,77.98780488,78.1902439,78.29268293,78.49268293,79.09512195,79.34634146,79.69756098,80.09756098,80.25121951,80.54878049,80.70243902,81.20487805,81.10487805,81.30487805,81.70731707,81.70731707,,
Norway,NOR,"Life expectancy at birth, total (years)",SP.DYN.LE00.IN,76.53731707,76.98073171,77.18439024,77.15170732,77.6897561,77.73658537,78.1504878,78.14268293,78.32926829,78.28292683,78.63414634,78.78536585,78.98780488,79.3902439,79.84146341,80.04146341,80.34390244,80.39512195,80.59268293,80.79512195,80.99756098,81.29512195,81.45121951,81.75121951,82.1,82.1,,
Nepal,NPL,"Life expectancy at birth, total (years)",SP.DYN.LE00.IN,54.19473171,55.05863415,55.9244878,56.78529268,57.63309756,58.46441463,59.27729268,60.07168293,60.84760976,61.60009756,62.32663415,63.0242439,63.69090244,64.32658537,64.93129268,65.5025122,66.04019512,66.54685366,67.02497561,67.47807317,67.91017073,68.32578049,68.72795122,69.11817073,69.49897561,69.86985366,,
Nauru,NRU,"Life expectancy at birth, total (years)",SP.DYN.LE00.IN,,,,,,,,,,,,,,,,,,,,,,,,,,,,
New Zealand,NZL,"Life expectancy at birth, total (years)",SP.DYN.LE00.IN,75.37804878,76.03170732,76.12439024,76.43414634,76.88292683,76.73414634,76.78780488,77.33414634,78.08536585,77.8902439,78.63658537,78.69268293,78.84634146,79.14634146,79.54878049,79.85121951,80.04878049,80.15121951,80.35121951,80.70243902,80.70243902,80.90487805,81.15609756,81.40731707,81.40487805,81.45682927,,
OECD members,OED,"Life expectancy at birth, total (years)",SP.DYN.LE00.IN,74.68090923,74.87505893,75.15282694,75.27369803,75.5772454,75.68628906,76.06165483,76.39982503,76.60815393,76.78952243,77.07011501,77.37521495,77.53477636,77.68198455,78.09882584,78.22479797,78.5231568,78.75809905,78.91707454,79.18281091,79.36693907,79.6074377,79.7278633,79.90576587,80.14410427,80.28312399,,
Oman,OMN,"Life expectancy at birth, total (years)",SP.DYN.LE00.IN,67.2677561,67.84685366,68.40497561,68.94660976,69.4737561,69.98841463,70.49058537,70.97878049,71.45246341,71.91217073,72.35936585,72.79604878,73.22319512,73.63880488,74.04141463,74.42653659,74.7882439,75.12302439,75.42992683,75.71143902,75.97007317,76.21178049,76.44202439,76.66829268,76.89456098,77.12182927,,
Other small states,OSS,"Life expectancy at birth, total (years)",SP.DYN.LE00.IN,62.33661342,62.44778983,62.44587921,62.24587126,61.97521992,61.8125386,61.69514863,61.42566562,61.03846887,60.81292225,60.68598221,60.60238258,60.71721738,60.89967984,61.25600107,61.73495875,62.281784,62.92563826,63.61709618,64.31605905,64.95379934,65.53312697,66.04342023,66.53652306,66.95622134,67.33112903,,
Pakistan,PAK,"Life expectancy at birth, total (years)",SP.DYN.LE00.IN,60.09585366,60.38085366,60.66085366,60.93480488,61.20468293,61.47043902,61.73309756,61.99365854,62.25219512,62.50819512,62.75817073,62.99817073,63.22617073,63.44321951,63.65280488,63.8634878,64.08526829,64.32563415,64.58607317,64.86356098,65.15004878,65.432,65.69785366,65.93858537,66.14919512,66.33217073,,
Panama,PAN,"Life expectancy at birth, total (years)",SP.DYN.LE00.IN,73.0462439,73.27126829,73.49073171,73.7055122,73.9154878,74.1215122,74.32541463,74.52504878,74.72082927,74.91365854,75.10197561,75.28529268,75.46268293,75.63531707,75.8037561,75.97163415,76.1395122,76.3114878,76.48712195,76.6685122,76.85519512,77.04621951,77.23904878,77.43263415,77.62543902,77.81743902,,
Peru,PER,"Life expectancy at birth, total (years)",SP.DYN.LE00.IN,65.53043902,66.02365854,66.51736585,67.0134878,67.5125122,68.01543902,68.5237561,69.03253659,69.53680488,70.03009756,70.50743902,70.95987805,71.38387805,71.7764878,72.13619512,72.45902439,72.74595122,73.00197561,73.23356098,73.44770732,73.65136585,73.85253659,74.05668293,74.26678049,74.48536585,74.71341463,,
Philippines,PHL,"Life expectancy at birth, total (years)",SP.DYN.LE00.IN,65.25709756,65.46329268,65.66097561,65.86017073,66.06434146,66.2724878,66.47960976,66.67873171,66.86331707,67.03292683,67.1865122,67.32560976,67.45370732,67.57382927,67.6895122,67.8022439,67.91256098,68.0224878,68.132,68.24309756,68.35826829,68.4784878,68.60421951,68.73495122,68.87017073,69.00985366,,
Palau,PLW,"Life expectancy at birth, total (years)",SP.DYN.LE00.IN,69.06926829,,,,,71.84463415,,,,,70.49365854,,,,,69.12926829,,,,,,,,,,,,
Papua New Guinea,PNG,"Life expectancy at birth, total (years)",SP.DYN.LE00.IN,58.95021951,59.267,59.59,59.90246341,60.19990244,60.4827561,60.75390244,61.02107317,61.29209756,61.56936585,61.85682927,62.15995122,62.47534146,62.79953659,63.12560976,63.44507317,63.744,64.01590244,64.25534146,64.46278049,64.6402439,64.79568293,64.94156098,65.08585366,65.23407317,65.38770732,,
Poland,POL,"Life expectancy at birth, total (years)",SP.DYN.LE00.IN,70.8902439,70.58780488,71.0902439,71.59512195,71.69512195,71.89268293,72.24634146,72.64634146,72.99756098,73.04390244,73.74878049,74.2,74.49756098,74.59756098,74.84634146,74.99512195,75.14390244,75.24390244,75.54390244,75.69512195,76.24634146,76.69512195,76.74634146,77,77.60243902,78.20487805,,
Pre-demographic dividend,PRE,"Life expectancy at birth, total (years)",SP.DYN.LE00.IN,49.36949705,49.42429985,49.47090629,49.51796535,49.5750829,49.65237165,49.76089213,49.91006114,50.1101266,50.37110104,50.70775143,51.13160339,51.63812458,52.2160342,52.85181296,53.52850283,54.22828712,54.93213037,55.62257465,56.28609982,56.91218466,57.49632576,58.04447735,58.56164834,59.04751617,59.50281022,,
Puerto Rico,PRI,"Life expectancy at birth, total (years)",SP.DYN.LE00.IN,74.16917073,74.03880488,73.94636585,73.92087805,73.97690244,74.12507317,74.3624878,74.66663415,75.01141463,75.38117073,76.68926829,77.06682927,77.7604878,78.07121951,78.17585366,78.29609756,78.41634146,78.42585366,77.9034878,78.14980488,78.40817073,78.67119512,78.92641463,79.16739024,79.39012195,79.59612195,,
North Korea,PRK,"Life expectancy at birth, total (years)",SP.DYN.LE00.IN,69.34431707,69.32531707,68.95170732,68.23026829,67.22821951,66.11729268,65.12419512,64.44195122,64.1915122,64.39526829,64.97956098,65.79214634,66.62178049,67.30870732,67.79829268,68.09446341,68.25973171,68.40873171,68.62904878,68.9372439,69.32731707,69.76926829,70.20960976,70.60787805,70.95207317,71.2387561,,
Portugal,PRT,"Life expectancy at birth, total (years)",SP.DYN.LE00.IN,73.96585366,74.01463415,74.31219512,74.51219512,74.91463415,75.31219512,75.26097561,75.41219512,75.71219512,75.96341463,76.31463415,76.81463415,77.06585366,77.2195122,77.67073171,78.07073171,78.4195122,78.32195122,78.52439024,78.72682927,79.02682927,80.47073171,80.37317073,80.72195122,81.12195122,81.52195122,,
Paraguay,PRY,"Life expectancy at birth, total (years)",SP.DYN.LE00.IN,68.01260976,68.19104878,68.37046341,68.55085366,68.7307561,68.91521951,69.11280488,69.32704878,69.56146341,69.81253659,70.07468293,70.33985366,70.59743902,70.84239024,71.07117073,71.28580488,71.49134146,71.69380488,71.89678049,72.0997561,72.2982439,72.48517073,72.6545122,72.8037561,72.93241463,73.04297561,,
West Bank and Gaza Strip,PSE,"Life expectancy at birth, total (years)",SP.DYN.LE00.IN,68.05287805,68.39402439,68.71604878,69.02541463,69.32463415,69.6117561,69.88380488,70.13534146,70.36390244,70.5704878,70.76009756,70.93568293,71.10368293,71.26912195,71.435,71.60385366,71.7737561,71.9437561,72.11239024,72.28014634,72.447,72.61536585,72.78470732,72.95546341,73.12812195,73.30168293,,
Pacific island small states,PSS,"Life expectancy at birth, total (years)",SP.DYN.LE00.IN,63.67416005,63.92597418,64.25101481,64.58272237,64.91249115,65.29890682,65.54782609,65.85606776,66.16240513,66.49432628,66.76220437,67.0634195,67.35679052,67.64685116,67.93352705,68.22579401,68.49777393,68.7762324,69.05208184,69.32377437,69.58940877,69.84590637,70.09112623,70.32411046,70.54402369,70.75254202,,
Post-demographic dividend,PST,"Life expectancy at birth, total (years)",SP.DYN.LE00.IN,75.46582414,75.56521164,75.79594604,75.80672859,76.05762839,76.07856942,76.41759112,76.75176414,76.96413271,77.12369327,77.36203954,77.66781002,77.7918545,77.91765042,78.3558044,78.44898619,78.77209265,79.0249116,79.17205685,79.49405804,79.70841198,79.97577732,80.10773932,80.29448189,80.5272136,80.64646234,,
French Polynesia,PYF,"Life expectancy at birth, total (years)",SP.DYN.LE00.IN,68.82860976,69.12078049,69.44034146,69.78456098,70.15492683,70.54421951,70.94336585,71.33904878,71.72380488,72.09339024,72.45,72.80068293,73.15263415,73.51056098,73.87031707,74.22719512,74.57246341,74.8965122,75.19470732,75.46453659,75.70746341,75.92507317,76.12753659,76.31997561,76.50695122,76.6915122,,
Qatar,QAT,"Life expectancy at birth, total (years)",SP.DYN.LE00.IN,75.10541463,75.27414634,75.43334146,75.58302439,75.72719512,75.86582927,76.00143902,76.13502439,76.26658537,76.39660976,76.52158537,76.6385122,76.74639024,76.84373171,76.93460976,77.02453659,77.12014634,77.22743902,77.34943902,77.48763415,77.6404878,77.80441463,77.97236585,78.13973171,78.3035122,78.46270732,,
Romania,ROU,"Life expectancy at birth, total (years)",SP.DYN.LE00.IN,69.74121951,69.78439024,69.78439024,69.56341463,69.5097561,69.45609756,69.10487805,69.00487805,69.80731707,70.51219512,71.16341463,71.16097561,71.0097561,71.3097561,71.59427561,71.87889512,72.16341463,72.56585366,72.56585366,73.3097561,73.45853659,74.4097561,74.41219512,75.06341463,74.96097561,74.96097561,,
Russia,RUS,"Life expectancy at birth, total (years)",SP.DYN.LE00.IN,68.88609756,68.47439024,66.87317073,64.93585366,64.46707317,64.69073171,65.85414634,66.69878049,67.0297561,65.98219512,65.48365854,65.38341463,65.12878049,65.04780488,65.47097561,65.5297561,66.72756098,67.58682927,67.94926829,68.68463415,68.84121951,69.68390244,70.07219512,70.57878049,70.74365854,70.90853659,,
Rwanda,RWA,"Life expectancy at birth, total (years)",SP.DYN.LE00.IN,34.21180488,30.43560976,28.10704878,27.61270732,28.99992683,31.96439024,35.89958537,39.97836585,43.55226829,46.36156098,48.36060976,49.73597561,50.9115122,52.20802439,53.69368293,55.36658537,57.15278049,58.90234146,60.49380488,61.88834146,63.06556098,64.03158537,64.83546341,65.52270732,66.11334146,66.62087805,,
South Asia,SAS,"Life expectancy at birth, total (years)",SP.DYN.LE00.IN,58.20399185,58.69239339,59.18845223,59.68450154,60.17598886,60.65818566,61.12772872,61.58483792,62.02892802,62.45947731,62.876685,63.28104402,63.67715634,64.06858717,64.45710161,64.84793714,65.2434613,65.64452281,66.04733525,66.44923186,66.84308693,67.22095963,67.57733562,67.90665104,68.20916845,68.48545298,,
Saudi Arabia,SAU,"Life expectancy at birth, total (years)",SP.DYN.LE00.IN,69.16460976,69.58978049,69.99507317,70.38214634,70.75160976,71.10502439,71.44192683,71.75919512,72.05421951,72.32390244,72.56165854,72.76092683,72.91912195,73.04068293,73.13207317,73.2047561,73.27226829,73.34763415,73.44139024,73.55807317,73.70014634,73.86360976,74.03846341,74.21821951,74.39739024,74.5744878,,
Sudan,SDN,"Life expectancy at birth, total (years)",SP.DYN.LE00.IN,55.48695122,55.67485366,55.88858537,56.13268293,56.40568293,56.70560976,57.02802439,57.3644878,57.71056098,58.06429268,58.4242439,58.79395122,59.17692683,59.57463415,59.98407317,60.40673171,60.84209756,61.28709756,61.73419512,62.17578049,62.6007561,62.99702439,63.36004878,63.68578049,63.97473171,64.22941463,,
Senegal,SEN,"Life expectancy at birth, total (years)",SP.DYN.LE00.IN,57.18309756,57.4094878,57.50660976,57.51136585,57.4562439,57.37860976,57.31634146,57.29734146,57.34912195,57.49468293,57.7527561,58.13204878,58.61221951,59.17182927,59.79729268,60.47531707,61.19304878,61.93317073,62.67502439,63.39863415,64.08363415,64.71331707,65.28558537,65.80073171,66.25782927,66.66143902,,
Singapore,SGP,"Life expectancy at birth, total (years)",SP.DYN.LE00.IN,75.29512195,75.64634146,75.94634146,76.04634146,76.19756098,76.29512195,76.59512195,76.89756098,77.3,77.55121951,77.95121951,78.25121951,78.55121951,79.03902439,79.4902439,79.9902439,80.14146341,80.44146341,80.7902439,81.24146341,81.54146341,81.74390244,81.99512195,82.24634146,82.49512195,82.59512195,,
Solomon Islands,SLB,"Life expectancy at birth, total (years)",SP.DYN.LE00.IN,56.68170732,57.20156098,57.83187805,58.50273171,59.18053659,59.84560976,60.49617073,61.14602439,61.80517073,62.46619512,63.12136585,63.76402439,64.39004878,64.99619512,65.57904878,66.13660976,66.6717561,67.18768293,67.68565854,68.16556098,68.62282927,69.05343902,69.45295122,69.82241463,70.16231707,70.47668293,,
Sierra Leone,SLE,"Life expectancy at birth, total (years)",SP.DYN.LE00.IN,37.35341463,36.74834146,36.24658537,35.8857561,35.70139024,35.72478049,35.97414634,36.42619512,37.04680488,37.81253659,38.69014634,39.6454878,40.64290244,41.64912195,42.63919512,43.60307317,44.54507317,45.48139024,46.41517073,47.33326829,48.212,49.02426829,49.75358537,50.39253659,50.94260976,51.41285366,,
El Salvador,SLV,"Life expectancy at birth, total (years)",SP.DYN.LE00.IN,63.988,64.83153659,65.57797561,66.22282927,66.76304878,67.20519512,67.56482927,67.87363415,68.15831707,68.43541463,68.71704878,69.00570732,69.29787805,69.58953659,69.88273171,70.17892683,70.47919512,70.78,71.08034146,71.37773171,71.67019512,71.9552439,72.23185366,72.49853659,72.75529268,73.00309756,,
San Marino,SMR,"Life expectancy at birth, total (years)",SP.DYN.LE00.IN,,,,,,,79.1195122,79.47317073,80.17317073,80.52439024,80.6195122,80.97317073,81.1195122,81.2195122,81.72195122,81.97560976,82.1804878,82.50609756,82.83170732,82.99554324,83.15937916,83.32321508,,,,,,
Somalia,SOM,"Life expectancy at birth, total (years)",SP.DYN.LE00.IN,45.38934146,45.27087805,45.37231707,45.73321951,46.34804878,47.16182927,48.07760976,48.97643902,49.76382927,50.40126829,50.87826829,51.22280488,51.50185366,51.77190244,52.05290244,52.35485366,52.67678049,53.00517073,53.33153659,53.65839024,53.99119512,54.3354878,54.6957561,55.0724878,55.46568293,55.87285366,,
Serbia,SRB,"Life expectancy at birth, total (years)",SP.DYN.LE00.IN,,71.48780488,,,,,,72.03902439,,,71.58292683,72.23414634,72.28536585,72.43658537,72.68292683,72.83414634,73.38536585,73.63170732,73.88536585,73.98536585,74.33658537,74.53658537,74.83658537,75.18536585,75.33658537,75.48780488,,
Sub-Saharan Africa (excluding high income),SSA,"Life expectancy at birth, total (years)",SP.DYN.LE00.IN,49.85147113,49.84779026,49.8478211,49.85756477,49.87627109,49.90363593,49.94486588,50.01143276,50.11728851,50.27765486,50.51250294,50.83722093,51.26225496,51.78449939,52.39550035,53.08299779,53.83016295,54.6111601,55.39848436,56.17133041,56.90969451,57.60161835,58.24755232,58.84731309,59.39858813,59.90058785,,
South Sudan,SSD,"Life expectancy at birth, total (years)",SP.DYN.LE00.IN,43.5187561,44.22592683,44.92514634,45.60287805,46.24665854,46.8455122,47.39395122,47.89846341,48.36758537,48.80629268,49.21907317,49.61190244,49.9932439,50.37409756,50.76241463,51.17014634,51.60731707,52.07439024,52.56987805,53.0912439,53.63197561,54.18307317,54.733,55.27231707,55.7964878,56.30258537,,
Sub-Saharan Africa,SSF,"Life expectancy at birth, total (years)",SP.DYN.LE00.IN,49.85147113,49.84779026,49.85054649,49.85756477,49.87627109,49.90363593,49.94486588,50.01410677,50.11728851,50.27765486,50.51250294,50.83722093,51.26482756,51.78669705,52.39773954,53.08506134,53.83214224,54.61311643,55.40034528,56.17305571,56.9113617,57.60308526,58.24907519,58.8486612,59.39987928,59.90182611,,
Small states,SST,"Life expectancy at birth, total (years)",SP.DYN.LE00.IN,64.13434229,64.22438133,64.27022772,64.12357617,63.95447252,63.86576364,63.79654564,63.66226429,63.37466528,63.24430102,63.18001221,63.14224678,63.29544226,63.42062523,63.71618111,64.1047214,64.53711365,65.0444814,65.58863016,66.14156483,66.64989947,67.11482852,67.52868256,67.92739376,68.26977195,68.57721416,,
Sao Tome and Principe,STP,"Life expectancy at birth, total (years)",SP.DYN.LE00.IN,61.77143902,61.93453659,62.09509756,62.25514634,62.41470732,62.57026829,62.71831707,62.85990244,62.99746341,63.13702439,63.29253659,63.4795122,63.70492683,63.96973171,64.26795122,64.58356098,64.89604878,65.18492683,65.43570732,65.64292683,65.80860976,65.94080488,66.05653659,66.17134146,66.29070732,66.41665854,,
Suriname,SUR,"Life expectancy at birth, total (years)",SP.DYN.LE00.IN,67.50187805,67.5804878,67.65107317,67.71207317,67.76397561,67.80573171,67.83434146,67.85187805,67.86641463,67.8864878,67.92917073,68.01197561,68.14397561,68.32963415,68.56597561,68.846,69.15721951,69.48007317,69.796,70.09441463,70.3642439,70.60039024,70.80682927,70.98853659,71.14697561,71.28619512,,
Slovakia,SVK,"Life expectancy at birth, total (years)",SP.DYN.LE00.IN,70.93268293,70.88292683,71.79512195,72.44878049,72.3,72.25365854,72.65365854,72.70487805,72.55121951,72.90243902,73.05121951,73.40243902,73.60487805,73.60487805,73.95853659,73.90487805,74.20487805,74.20731707,74.70487805,74.9097561,75.11219512,75.95853659,76.1097561,76.41219512,76.81219512,77.21219512,,
Slovenia,SVN,"Life expectancy at birth, total (years)",SP.DYN.LE00.IN,73.20487805,73.35365854,73.30487805,73.25365854,73.40487805,73.95853659,74.45853659,74.70731707,74.80731707,75.0097561,75.41219512,75.75853659,76.00731707,76.85853659,77.20731707,77.61219512,78.08658537,78.56097561,78.76585366,78.97073171,79.42195122,79.97073171,80.12439024,80.32195122,81.07804878,81.07804878,,
Sweden,SWE,"Life expectancy at birth, total (years)",SP.DYN.LE00.IN,77.53682927,77.66682927,77.99878049,78.0604878,78.6502439,78.7404878,78.95902439,79.19756098,79.33902439,79.44146341,79.64390244,79.79512195,79.84634146,80.09512195,80.49756098,80.54634146,80.74878049,80.9,81.1,81.35121951,81.45121951,81.80243902,81.70487805,81.95609756,82.25365854,82.55121951,,
Swaziland,SWZ,"Life expectancy at birth, total (years)",SP.DYN.LE00.IN,60.2252439,60.00756098,59.49282927,58.69517073,57.64021951,56.3452439,54.83653659,53.19121951,51.5097561,49.8884878,48.44217073,47.27053659,46.42112195,45.92402439,45.80341463,46.07482927,46.72782927,47.67997561,48.83509756,50.11860976,51.44819512,52.75373171,53.99043902,55.11929268,56.10146341,56.91236585,,
Sint Maarten (Dutch part),SXM,"Life expectancy at birth, total (years)",SP.DYN.LE00.IN,,,,,,,,,,,,,,,,,,74.54390244,74.53658537,75.58780488,,,73.05365854,,,,,
Seychelles,SYC,"Life expectancy at birth, total (years)",SP.DYN.LE00.IN,,,70.67073171,,,,,71.41463415,,,,,72.95365854,71.02926829,72.6097561,72.13170732,72.21707317,73.19268293,73.16341463,73.03414634,73.19756098,72.72439024,74.22682927,73.1195122,73.22926829,73.22926829,,
Syria,SYR,"Life expectancy at birth, total (years)",SP.DYN.LE00.IN,70.55204878,70.86895122,71.16373171,71.44036585,71.70436585,71.9567561,72.20007317,72.43290244,72.65673171,72.87363415,73.10229268,73.36704878,73.66680488,73.98178049,74.28002439,74.48192683,74.49219512,74.26519512,73.79846341,73.1294878,72.33982927,71.53943902,70.8514878,70.37543902,70.16321951,70.25265854,,
Turks and Caicos Islands,TCA,"Life expectancy at birth, total (years)",SP.DYN.LE00.IN,,,,,,,,,,,,,,,,,,,,,,,,,,,,
Chad,TCD,"Life expectancy at birth, total (years)",SP.DYN.LE00.IN,46.92385366,47.02558537,47.12136585,47.21731707,47.3144878,47.4065122,47.48192683,47.53270732,47.55929268,47.56860976,47.57058537,47.58112195,47.61509756,47.69090244,47.82241463,48.0275122,48.32207317,48.70109756,49.15368293,49.66336585,50.20634146,50.7522439,51.2747561,51.7545122,52.18107317,52.55395122,,
East Asia & Pacific (IDA & IBRD countries),TEA,"Life expectancy at birth, total (years)",SP.DYN.LE00.IN,68.10003941,68.28341806,68.4663644,68.65723634,68.86203448,69.09120746,69.35310165,69.64694954,69.96932494,70.31527962,70.67723369,71.04588091,71.40940517,71.75755508,72.08461739,72.38507081,72.65773106,72.90613215,73.13580954,73.34833986,73.5442134,73.72732328,73.89902227,74.06398866,74.22379227,74.38078,,
Europe & Central Asia (IDA & IBRD countries),TEC,"Life expectancy at birth, total (years)",SP.DYN.LE00.IN,68.51875166,68.26719723,67.73231115,67.01138465,66.80349818,66.87143945,67.34986691,67.92450398,68.2628432,68.13996774,68.24035788,68.44897041,68.49714621,68.62307161,68.94600374,69.07836694,69.65673271,70.1219901,70.4131024,70.96717347,71.2870766,71.83632601,72.13327428,72.50947789,72.74292048,72.94809221,,
Togo,TGO,"Life expectancy at birth, total (years)",SP.DYN.LE00.IN,55.84843902,55.83502439,55.69768293,55.45019512,55.11343902,54.72487805,54.32760976,53.96990244,53.69,53.51504878,53.45970732,53.52260976,53.6787561,53.90812195,54.20419512,54.57290244,55.02312195,55.55370732,56.15007317,56.79068293,57.4425122,58.06860976,58.64456098,59.15046341,59.57634146,59.92370732,,
Thailand,THA,"Life expectancy at birth, total (years)",SP.DYN.LE00.IN,70.23060976,70.2872439,70.27307317,70.23743902,70.20702439,70.20060976,70.22787805,70.28239024,70.36263415,70.47556098,70.63260976,70.84319512,71.10507317,71.41197561,71.75670732,72.1265122,72.50863415,72.88753659,73.25026829,73.58741463,73.89419512,74.16739024,74.41680488,74.64765854,74.86404878,75.068,,
Tajikistan,TJK,"Life expectancy at birth, total (years)",SP.DYN.LE00.IN,63.10378049,62.86409756,62.72690244,62.73536585,62.90514634,63.22456098,63.65858537,64.14478049,64.63285366,65.10187805,65.54360976,65.96646341,66.39070732,66.82956098,67.28109756,67.73839024,68.19407317,68.63770732,69.05787805,69.44909756,69.80236585,70.11360976,70.38473171,70.62119512,70.82697561,71.00712195,,
Turkmenistan,TKM,"Life expectancy at birth, total (years)",SP.DYN.LE00.IN,62.70146341,62.68890244,62.67934146,62.68846341,62.72787805,62.80170732,62.91,63.04468293,63.20070732,63.37704878,63.57717073,63.80556098,64.06263415,64.34682927,64.65312195,64.97646341,65.31187805,65.65131707,65.9857561,66.30714634,66.60539024,66.87290244,67.10912195,67.31404878,67.49068293,67.64104878,,
Latin America & the Caribbean (IDA & IBRD countries),TLA,"Life expectancy at birth, total (years)",SP.DYN.LE00.IN,67.55971199,67.92453396,68.3010356,68.68559223,69.07847074,69.47468268,69.86977781,70.25864396,70.63373824,70.99399064,71.33540117,71.6569172,71.96120239,72.24936437,72.52528734,72.7908023,73.04910848,73.302092,73.55188818,73.79845702,74.0420487,74.28091804,74.5132759,74.73790151,74.95507474,75.16584183,,
Timor-Leste,TLS,"Life expectancy at birth, total (years)",SP.DYN.LE00.IN,48.48473171,49.34426829,50.28026829,51.31841463,52.46341463,53.68831707,54.94312195,56.1655122,57.31087805,58.3657561,59.34697561,60.29058537,61.23763415,62.20790244,63.19297561,64.15560976,65.04636585,65.82073171,66.45187805,66.9387561,67.30046341,67.57229268,67.80414634,68.03782927,68.29295122,68.58002439,,
Middle East & North Africa (IDA & IBRD countries),TMN,"Life expectancy at birth, total (years)",SP.DYN.LE00.IN,65.10254233,65.72111679,66.2694087,66.76398942,67.21091811,67.61712708,67.98847012,68.33054819,68.64966354,68.95163376,69.24178176,69.52450348,69.80017181,70.06988058,70.33606494,70.59820259,70.85450548,71.10088635,71.33345003,71.55301397,71.76190266,71.96592607,72.16976707,72.37593846,72.58283577,72.78920326,,
Tonga,TON,"Life expectancy at birth, total (years)",SP.DYN.LE00.IN,69.58231707,69.69304878,69.79721951,69.90073171,70.00646341,70.11926829,70.2385122,70.36368293,70.49285366,70.62507317,70.76095122,70.89960976,71.0392439,71.17953659,71.32007317,71.45897561,71.59778049,71.73592683,71.87390244,72.01114634,72.14819512,72.28597561,72.42397561,72.56212195,72.70136585,72.84017073,,
South Asia (IDA & IBRD),TSA,"Life expectancy at birth, total (years)",SP.DYN.LE00.IN,58.20399185,58.69239339,59.18845223,59.68450154,60.17598886,60.65818566,61.12772872,61.58483792,62.02892802,62.45947731,62.876685,63.28104402,63.67715634,64.06858717,64.45710161,64.84793714,65.2434613,65.64452281,66.04733525,66.44923186,66.84308693,67.22095963,67.57733562,67.90665104,68.20916845,68.48545298,,
Sub-Saharan Africa (IDA & IBRD countries),TSS,"Life expectancy at birth, total (years)",SP.DYN.LE00.IN,49.85147113,49.84779026,49.85054649,49.85756477,49.87627109,49.90363593,49.94486588,50.01410677,50.11728851,50.27765486,50.51250294,50.83722093,51.26482756,51.78669705,52.39773954,53.08506134,53.83214224,54.61311643,55.40034528,56.17305571,56.9113617,57.60308526,58.24907519,58.8486612,59.39987928,59.90182611,,
Trinidad and Tobago,TTO,"Life expectancy at birth, total (years)",SP.DYN.LE00.IN,68.02290244,68.11058537,68.19163415,68.26412195,68.32809756,68.3837561,68.43082927,68.47260976,68.51131707,68.55156098,68.59643902,68.64895122,68.71043902,68.78426829,68.87182927,68.97853659,69.10734146,69.25714634,69.42441463,69.60556098,69.79253659,69.97731707,70.15290244,70.31485366,70.45965854,70.58885366,,
Tunisia,TUN,"Life expectancy at birth, total (years)",SP.DYN.LE00.IN,68.82709756,69.44556098,70.04312195,70.60190244,71.11395122,71.57534146,71.98560976,72.35268293,72.68353659,72.98360976,73.25382927,73.49960976,73.72139024,73.92314634,74.10687805,74.27217073,74.41514634,74.53541463,74.63697561,74.72529268,74.81126829,74.90668293,75.01890244,75.15429268,75.31434146,75.49704878,,
Turkey,TUR,"Life expectancy at birth, total (years)",SP.DYN.LE00.IN,64.28234146,64.78309756,65.30021951,65.83790244,66.39873171,66.98192683,67.58621951,68.19968293,68.81226829,69.41539024,69.99934146,70.55580488,71.08197561,71.57419512,72.02987805,72.44812195,72.82912195,73.17812195,73.50282927,73.80631707,74.09404878,74.36941463,74.63629268,74.89604878,75.15214634,75.40709756,,
Tuvalu,TUV,"Life expectancy at birth, total (years)",SP.DYN.LE00.IN,,,,,,,,,,,,,,,,,,,,,,,,,,,,
Tanzania,TZA,"Life expectancy at birth, total (years)",SP.DYN.LE00.IN,50.18365854,49.93290244,49.70065854,49.52187805,49.42607317,49.44017073,49.58656098,49.86360976,50.26768293,50.7972439,51.45585366,52.24012195,53.13014634,54.09834146,55.11704878,56.15390244,57.17790244,58.16982927,59.11812195,60.01043902,60.85568293,61.67443902,62.48729268,63.30560976,64.1184878,64.90331707,,
Uganda,UGA,"Life expectancy at birth, total (years)",SP.DYN.LE00.IN,45.57107317,45.1262439,44.74729268,44.45717073,44.28585366,44.2722439,44.45265854,44.83239024,45.40226829,46.14868293,47.05117073,48.08036585,49.19085366,50.33358537,51.46985366,52.56680488,53.60395122,54.58156098,55.49546341,56.3322439,57.07763415,57.722,58.27482927,58.74902439,59.15580488,59.5087561,,
Ukraine,UKR,"Life expectancy at birth, total (years)",SP.DYN.LE00.IN,70.13658537,68.87804878,69.06829268,68.47560976,67.83853659,67.13707317,66.88780488,67.29536585,67.98878049,68.21341463,67.8595122,68.28707317,68.27560976,68.21073171,68.18536585,67.95682927,68.07756098,68.22219512,68.25146341,69.19,70.26536585,70.80926829,70.94414634,71.1595122,71.18658537,71.1895122,,
Upper middle income,UMC,"Life expectancy at birth, total (years)",SP.DYN.LE00.IN,68.6197874,68.80378586,68.87875356,68.93680998,69.11376664,69.35617713,69.68280839,70.02458513,70.34860358,70.60895163,70.91929542,71.25175371,71.56304712,71.8792524,72.21392765,72.50155664,72.84732116,73.15843694,73.4273968,73.72044375,73.95607316,74.23684128,74.47654368,74.71816553,74.92436697,75.11854968,,
Uruguay,URY,"Life expectancy at birth, total (years)",SP.DYN.LE00.IN,72.53953659,72.71904878,72.90680488,73.10485366,73.3162439,73.53843902,73.76987805,74.005,74.23817073,74.46634146,74.68597561,74.89604878,75.09556098,75.2845122,75.46441463,75.63470732,75.79641463,75.95153659,76.10158537,76.25009756,76.39612195,76.54219512,76.68836585,76.83465854,76.98209756,77.13163415,,
United States,USA,"Life expectancy at birth, total (years)",SP.DYN.LE00.IN,75.21463415,75.36585366,75.61707317,75.4195122,75.6195122,75.62195122,76.02682927,76.42926829,76.5804878,76.58292683,76.63658537,76.83658537,76.93658537,77.03658537,77.48780488,77.48780488,77.68780488,77.98780488,78.03902439,78.3902439,78.54146341,78.64146341,78.74146341,78.74146341,78.74146341,78.74146341,,
Uzbekistan,UZB,"Life expectancy at birth, total (years)",SP.DYN.LE00.IN,66.34295122,66.3005122,66.2585122,66.23960976,66.25639024,66.31687805,66.42102439,66.55821951,66.71890244,66.90158537,67.10231707,67.32014634,67.55363415,67.80080488,68.0602439,68.33546341,68.63202439,68.95090244,69.2865122,69.6307561,69.96843902,70.28341463,70.56302439,70.80068293,70.99339024,71.14568293,,
St. Vincent and the Grenadines,VCT,"Life expectancy at birth, total (years)",SP.DYN.LE00.IN,70.07409756,70.23385366,70.36353659,70.462,70.53063415,70.57187805,70.58614634,70.58253659,70.57119512,70.56426829,70.577,70.62419512,70.71302439,70.84453659,71.01668293,71.22429268,71.45460976,71.69229268,71.92312195,72.13892683,72.3342439,72.50707317,72.66263415,72.80658537,72.9395122,73.06495122,,
Venezuela,VEN,"Life expectancy at birth, total (years)",SP.DYN.LE00.IN,69.82860976,69.99441463,70.18802439,70.40943902,70.65621951,70.92692683,71.21570732,71.51226829,71.80539024,72.08626829,72.34612195,72.57560976,72.77526829,72.94456098,73.08643902,73.20382927,73.30204878,73.39041463,73.47826829,73.5715122,73.67514634,73.79419512,73.9262439,74.07041463,74.22614634,74.3915122,,
British Virgin Islands,VGB,"Life expectancy at birth, total (years)",SP.DYN.LE00.IN,,,,,,,,,,,,,,,,,,,,,,,,,,,,
Virgin Islands (U.S.),VIR,"Life expectancy at birth, total (years)",SP.DYN.LE00.IN,74.23585366,74.49195122,74.74704878,75.00265854,75.25729268,75.50992683,75.75902439,76.00253659,76.23697561,76.46185366,76.6195122,77.87317073,78.02439024,78.17317073,78.72439024,78.52439024,78.62439024,78.82439024,78.92439024,79.07317073,79.17317073,79.37317073,79.47317073,79.62439024,79.77317073,79.87317073,,
Vietnam,VNM,"Life expectancy at birth, total (years)",SP.DYN.LE00.IN,70.41819512,70.70807317,70.99546341,71.28241463,71.5684878,71.85221951,72.13156098,72.4035122,72.6645122,72.91353659,73.14858537,73.36958537,73.57656098,73.77253659,73.95902439,74.13712195,74.30839024,74.47487805,74.63865854,74.80319512,74.97043902,75.14285366,75.32134146,75.50534146,75.69529268,75.89119512,,
Vanuatu,VUT,"Life expectancy at birth, total (years)",SP.DYN.LE00.IN,63.19685366,63.64778049,64.10341463,64.55934146,65.01214634,65.45934146,65.8994878,66.33009756,66.75119512,67.15982927,67.555,67.9362439,68.30353659,68.65785366,68.99819512,69.32604878,69.64287805,69.94863415,70.24385366,70.529,70.80312195,71.0647561,71.31343902,71.54917073,71.772,71.98490244,,
World,WLD,"Life expectancy at birth, total (years)",SP.DYN.LE00.IN,65.43431634,65.62391518,65.78967888,65.9170838,66.12737531,66.32595047,66.61517664,66.91332879,67.17311965,67.40727714,67.68493124,67.98243113,68.24909482,68.52261611,68.8625137,69.13615307,69.47557909,69.79463073,70.08453335,70.40674945,70.68495745,70.97376295,71.21697592,71.46206472,71.69170194,71.88880421,,
Samoa,WSM,"Life expectancy at birth, total (years)",SP.DYN.LE00.IN,65.04041463,65.55895122,66.07002439,66.56914634,67.05180488,67.51302439,67.94726829,68.35453659,68.73829268,69.10056098,69.44831707,69.78909756,70.12939024,70.47670732,70.83402439,71.20734146,71.59812195,72.00331707,72.41495122,72.82702439,73.23002439,73.6125122,73.9674878,74.2905122,74.58007317,74.83870732,,
Kosovo,XKX,"Life expectancy at birth, total (years)",SP.DYN.LE00.IN,67.74878049,67.94878049,68.1,68.24878049,68.4,68.55121951,68.7,68.85121951,68.95121951,66.95121951,67.95121951,67.99756098,67.94390244,68.19512195,68.44634146,68.69512195,68.94634146,69.19756098,69.39756098,69.64878049,69.9,70.14878049,70.49756098,70.79756098,71.09756098,71.34634146,,
Yemen,YEM,"Life expectancy at birth, total (years)",SP.DYN.LE00.IN,57.76419512,58.11090244,58.41863415,58.70287805,58.97263415,59.23441463,59.48570732,59.7255122,59.95382927,60.17614634,60.40443902,60.64921951,60.91543902,61.20712195,61.52173171,61.85529268,62.20082927,62.54634146,62.88134146,63.20031707,63.4982439,63.77560976,64.03339024,64.27707317,64.50717073,64.72568293,,
South Africa,ZAF,"Life expectancy at birth, total (years)",SP.DYN.LE00.IN,62.13568293,62.30597561,62.31202439,62.14778049,61.80785366,61.27385366,60.53443902,59.62114634,58.58543902,57.48270732,56.36831707,55.29465854,54.31495122,53.49043902,52.88031707,52.56317073,52.60460976,52.99702439,53.70407317,54.68346341,55.86960976,57.18107317,58.52041463,59.80007317,60.95478049,61.93409756,,
Zambia,ZMB,"Life expectancy at birth, total (years)",SP.DYN.LE00.IN,45.02763415,44.45492683,43.96912195,43.58109756,43.30929268,43.17214634,43.18109756,43.33658537,43.63602439,44.07980488,44.67031707,45.40997561,46.28621951,47.28207317,48.37946341,49.57492683,50.87143902,52.25409756,53.68846341,55.13158537,56.5244878,57.80860976,58.9474878,59.92019512,60.71534146,61.33958537,,
Zimbabwe,ZWE,"Life expectancy at birth, total (years)",SP.DYN.LE00.IN,57.96573171,56.74965854,55.37273171,53.89239024,52.36558537,50.84178049,49.36136585,47.96458537,46.70209756,45.63217073,44.81356098,44.28758537,44.06063415,44.13063415,44.50595122,45.21095122,46.26704878,47.63585366,49.24943902,51.02890244,52.87780488,54.69719512,56.40770732,57.9405122,59.24431707,60.27934146,,