Country,Country Code,Indicator Name,Indicator Code,1990,1991,1992,1993,1994,1995,1996,1997,1998,1999,2000,2001,2002,2003,2004,2005,2006,2007,2008,2009,2010,2011,2012,2013,2014,2015,2015
Aruba,ABW,"School enrollment, primary (% gross)",SE.PRM.ENRR,,,,,,,,,,112.1993332,110.8014374,109.4029007,110.9983063,109.2143021,110.8390503,111.3767166,114.2385864,115.224411,113.0788269,113.7757416,113.7417831,105.2193985,104.0627594,116.108017,117.3180389,117.3180389,117.3180389
Afghanistan,AFG,"School enrollment, primary (% gross)",SE.PRM.ENRR,30.09115028,28.6841507,,31.15373039,43.12926865,46.24322891,,,33.31254959,27.04071999,22.33481026,22.20237923,73.3095932,99.24848938,111.2605591,104.1713715,107.817421,104.6908188,106.4537735,102.2252884,105.5209274,102.8096313,108.9285202,110.0654373,111.744133,111.8770828,111.8770828
Angola,AGO,"School enrollment, primary (% gross)",SE.PRM.ENRR,78.25849915,71.9317627,69.36856079,,,,,,78.36840057,,,,,,,,,105.2104034,111.9137573,111.1583405,113.5078735,128.7041473,128.7041473,128.7041473,128.7041473,128.7041473,128.7041473
Albania,ALB,"School enrollment, primary (% gross)",SE.PRM.ENRR,99.82147217,101.6307907,99.96878052,98.94786072,101.9895782,104.5339584,106.8230972,108.5679626,107.7334671,106.3054581,104.7495193,103.473999,101.5591965,100.0177994,98.38082123,101.4723587,99.59384155,99.09313202,99.51950073,97.52532959,99.01331329,101.8157425,104.7843933,107.7845612,112.4866409,113.6997986,113.6997986
Andorra,AND,"School enrollment, primary (% gross)",SE.PRM.ENRR,,,,,,,,,,,,,,,,,,,,,,,,,,,
Arab World,ARB,"School enrollment, primary (% gross)",SE.PRM.ENRR,83.14668274,83.59465027,81.01595306,81.59114838,84.13446045,82.93282318,85.22502136,85.92047119,86.65644836,87.91625977,88.83899689,89.97328949,91.46868134,92.77078247,93.45256805,94.20487976,95.32099915,96.00354004,96.85666656,97.33731079,97.97268677,97.42421722,99.01986694,97.60108948,97.02707672,97.02707672,97.02707672
United Arab Emirates,ARE,"School enrollment, primary (% gross)",SE.PRM.ENRR,109.3887787,110.0881271,104.9328995,102.3832397,103.2430191,104.9605103,103.158989,99.66165924,96.42817688,94.19611359,90.13761139,87.697258,92.12941742,99.10974121,103.4887466,105.5068436,104.0567169,103.0905304,,97.32917023,99.69960785,99.0844574,101.4232025,100.9739532,106.7116699,116.3458405,116.3458405
Argentina,ARG,"School enrollment, primary (% gross)",SE.PRM.ENRR,106.5615692,109.0856934,,,111.943512,,111.3675079,108.2667999,112.9470673,116.052948,117.3634872,118.064621,118.758522,116.5013123,117.8136368,117.1332932,118.8351974,119.3486862,119.4411621,118.2114105,116.7181625,114.7684708,112.9782562,110.5659866,109.9888916,109.9888916,109.9888916
Armenia,ARM,"School enrollment, primary (% gross)",SE.PRM.ENRR,,102.4689636,99.21221161,102.5770187,94.72537231,90.9055481,92.001297,125.6802597,128.2881927,133.0361938,98.52625275,102.2236099,95.57846069,94.32559204,94.62056732,94.29905701,97.71125793,108.466713,107.5535812,102.4492416,,,,,,98.4666214,98.4666214
American Samoa,ASM,"School enrollment, primary (% gross)",SE.PRM.ENRR,,,,,,,,,,,,,,,,,,,,,,,,,,,
Antigua and Barbuda,ATG,"School enrollment, primary (% gross)",SE.PRM.ENRR,,,100.140007,,,109.1473312,,,,,124.1303711,,,,,,,104.3192062,104.7472382,102.7987976,103.408989,100.6770477,97.89286041,,97.10739899,97.0528717,97.0528717
Australia,AUS,"School enrollment, primary (% gross)",SE.PRM.ENRR,105.8115234,105.5315781,105.4117508,105.3247833,105.2922363,100.7926331,101.0991287,100.7295609,100.5014725,100.2563095,100.3372879,100.2517776,101.150238,101.274971,101.8791199,102.3891525,103.0109634,104.9848633,105.0581284,105.3190613,105.7040863,105.9915009,106.4533234,106.5677719,106.0756989,102.2078171,102.2078171
Austria,AUT,"School enrollment, primary (% gross)",SE.PRM.ENRR,105.4821091,104.2903824,104.0707474,103.4660568,102.5625305,102.5125275,102.5439682,102.9658203,103.7690506,103.9260635,103.817421,103.0930099,101.3880081,100.6045532,100.8716888,100.9824905,101.6898117,101.7564621,100.7743683,100.2312622,99.83867645,99.86933136,100.7692795,101.5607224,102.2489777,102.9701614,102.9701614
Azerbaijan,AZE,"School enrollment, primary (% gross)",SE.PRM.ENRR,110.1215591,109.0579605,108.1835098,107.7092896,110.4555664,111.7443085,93.25375366,94.52192688,92.9260025,95.48014069,97.20748901,98.86100006,98.34942627,96.21324158,97.26132965,95.52696991,94.21665955,94.77120209,94.07247162,95.068573,93.76229858,95.57363129,97.95530701,100.5004501,106.0598907,106.6014862,106.6014862
Burundi,BDI,"School enrollment, primary (% gross)",SE.PRM.ENRR,67.32597351,68.66266632,65.2125473,64.20947266,,48.1569519,37.63230133,38.97509003,46.56420135,55.15267181,56.9054718,59.68107986,64.46746826,69.87505341,74.71753693,79.06214905,100.0449982,111.2996216,118.0977783,126.0699387,131.456955,135.1190491,133.3052826,130.4593048,127.6357727,123.7817917,123.7817917
Belgium,BEL,"School enrollment, primary (% gross)",SE.PRM.ENRR,100.5136871,99.67646027,98.24665833,101.6908264,101.0342331,101.0167694,101.2859879,,,103.6700897,104.8607101,104.2411423,103.4199982,102.7209091,101.3165131,101.2247086,101.8401337,102.7928009,103.5233612,103.523262,103.2656403,103.1886215,103.5501633,105.1199722,104.8543167,104.1929779,104.1929779
Benin,BEN,"School enrollment, primary (% gross)",SE.PRM.ENRR,50.93820953,57.78126144,60.9154892,65.88185883,66.1869812,69.43811035,71.80116272,75.38082123,78.31697845,78.40350342,81.20214844,89.10188293,94.3789978,97.84088898,101.5409088,98.54522705,98.79341888,,110.0333633,114.8725891,116.2887802,118.6075211,122.7695313,124.347908,125.561203,128.9833527,128.9833527
Burkina Faso,BFA,"School enrollment, primary (% gross)",SE.PRM.ENRR,32.52550125,33.72296906,34.41490936,35.47658157,36.77635956,38.83549118,40.96957016,,43.31800079,44.28327179,45.01659012,46.43785858,47.06068039,49.31790924,53.88323975,58.33338165,62.06523895,67.66522217,73.20320129,77.55835724,77.83035278,81.28205109,83.68218994,85.26255798,86.89006805,87.99263,87.99263
Bangladesh,BGD,"School enrollment, primary (% gross)",SE.PRM.ENRR,81.04756165,,,,,,,,,,,,,,,98.66104126,99.40104675,98.60388947,96.54550171,99.76931763,102.6562881,111.8765564,,120.7367783,,120.4330597,120.4330597
Bulgaria,BGR,"School enrollment, primary (% gross)",SE.PRM.ENRR,95.05818939,93.96807861,93.98853302,94.88253784,95.97328186,97.97635651,101.4578323,102.5780487,103.4994278,103.8584366,104.3218307,105.7989197,104.9863205,105.8908081,105.115242,101.197197,98.64306641,100.3754883,101.5363693,102.9260178,103.6331711,101.5005112,100.1289368,99.37438965,99.0790329,97.2181778,97.2181778
Bahrain,BHR,"School enrollment, primary (% gross)",SE.PRM.ENRR,110.3334122,111.4482193,107.9051285,107.6867828,106.9707794,107.6981506,107.678833,107.7314301,107.7975616,107.8930969,104.9617767,100.6757584,100.7407303,99.80986023,98.38226318,95.74597931,98.41713715,,,,,94.86897278,95.32286835,97.63314819,99.68023682,101.1711731,101.1711731
Bahamas,BHS,"School enrollment, primary (% gross)",SE.PRM.ENRR,98.27638245,95.10762787,94.46897888,95.39305115,94.61691284,95.97303772,101.2785797,98.97808075,99.4588089,96.88800049,,,94.44444275,,103.7418365,109.1632309,107.8449631,111.2169724,111.244339,107.3528976,107.8977509,,,,,,
Bosnia-Herzegovina,BIH,"School enrollment, primary (% gross)",SE.PRM.ENRR,,,,,,,,,,,,,,,,,,,,,,,,,,,
Belarus,BLR,"School enrollment, primary (% gross)",SE.PRM.ENRR,93.27246094,95.11698151,94.74697113,96.49526978,96.63925171,97.87709808,98.88784027,100.1262436,102.3771362,111.295929,113.1433182,113.9228363,111.0736694,100.9463882,98.62963104,97.30198669,98.436203,100.9466629,104.0266495,105.076683,103.449913,101.2123718,98.97614288,97.80240631,98.96627808,101.3416214,101.3416214
Belize,BLZ,"School enrollment, primary (% gross)",SE.PRM.ENRR,112.7317429,114.7413712,113.8194885,115.0652771,117.8499908,119.6850586,123.1280594,122.291008,,119.0450516,115.8899765,112.4040375,107.2696075,111.1721115,112.8914108,113.3220596,113.7301178,113.1587601,112.3514404,113.0153809,112.550499,111.4111176,113.7917099,112.0314484,111.7301865,113.1385117,113.1385117
Bermuda,BMU,"School enrollment, primary (% gross)",SE.PRM.ENRR,,,,,,103.6509018,,114.5667038,,,,101.2867584,101.509201,101.6246567,100.3965836,99.1047287,97.11438751,,,,92.28388977,89.83261108,87.50518799,86.45133972,87.47599792,90.34857941,90.34857941
Bolivia,BOL,"School enrollment, primary (% gross)",SE.PRM.ENRR,100.1321793,101.915947,102.461441,103.9713211,106.7830505,110.171608,112.3035278,86.99240875,115.6867218,117.9156189,117.9613495,117.2047729,117.9078064,116.1759262,115.5439377,114.9427109,113.4143295,112.6471634,111.5192337,108.0386276,104.7076111,101.4560165,99.95999908,98.64202881,97.35877228,97.13803864,97.13803864
Brazil,BRA,"School enrollment, primary (% gross)",SE.PRM.ENRR,,,,,,,,,,165.6453857,,150.785553,146.8277893,140.5444946,133.6963043,133.2621613,,128.1797943,132.0552063,131.1651611,,132.4966125,130.3760223,109.7704926,111.0638733,115.3407898,115.3407898
Barbados,BRB,"School enrollment, primary (% gross)",SE.PRM.ENRR,114.4853134,,106.2950974,,,,,,,102.2266235,100.6621704,99.27871704,96.76538849,96.65312195,94.96405792,96.13706207,98.25029755,99.67780304,101.2271805,100.5441513,99.70517731,98.41721344,,,93.62728119,,
Brunei,BRN,"School enrollment, primary (% gross)",SE.PRM.ENRR,,113.0754318,113.78965,115.8704224,117.016861,115.6893005,114.0377197,111.5838013,113.5758286,112.9188766,111.2940369,108.4863586,109.0295181,112.1398773,112.602272,112.0958862,111.7696991,110.9496765,108.5753479,107.6157913,107.1307373,107.4089508,106.7837296,107.4519424,107.4440308,108.1377029,108.1377029
Bhutan,BTN,"School enrollment, primary (% gross)",SE.PRM.ENRR,,51.12839127,50.74972916,56.2053299,59.27865982,63.23978043,67.30799103,70.73188782,72.84382629,74.98474884,78.23903656,81.75817871,84.83978271,88.10613251,91.78125,94.57418823,97.62863922,100.5099182,103.0617371,106.8178024,109.4029694,111.0830307,110.9756165,104.8430176,102.1316986,102.1316986,102.1316986
Botswana,BWA,"School enrollment, primary (% gross)",SE.PRM.ENRR,103.8375626,106.2499313,104.4972916,103.6959686,103.6257401,102.7396774,103.4828873,104.1617126,103.6455002,104.1333694,105.0816422,106.9180908,107.5896683,107.6238022,107.1383896,107.1951675,107.6448669,106.6902695,106.4792175,107.5096664,,,108.0655823,108.5723877,107.6304932,107.6304932,107.6304932
Central African Republic,CAF,"School enrollment, primary (% gross)",SE.PRM.ENRR,70.14257813,65.0303421,56.94789886,,,,,,,,,77.88150787,68.66033173,68.08614349,58.47304916,65.03376007,64.75450134,75.01068115,86.83096313,88.86504364,91.80876923,92.5838089,93.45572662,,,,
Canada,CAN,"School enrollment, primary (% gross)",SE.PRM.ENRR,103.7846222,103.9312897,103.1522827,102.1688995,101.3679581,101.2743225,102.2714386,,99.32678223,99.78256989,100.3329315,,,,98.11682892,97.05580139,98.63130951,98.78649902,97.91333771,98.98703766,98.68959808,98.29531097,99.69377136,100.5723114,,,
Central Europe and the Baltics,CEB,"School enrollment, primary (% gross)",SE.PRM.ENRR,94.46395111,93.99809265,94.60501099,95.66262817,96.57647705,96.97956848,97.7598877,98.69996643,99.52935791,98.96308899,99.15995789,99.54898071,99.40061951,99.38056946,100.0209579,99.15952301,98.82396698,99.10452271,98.79389191,99.28106689,99.53089142,99.32784271,99.89997864,99.55503845,99.6465683,,
Switzerland,CHE,"School enrollment, primary (% gross)",SE.PRM.ENRR,89.43309784,90.76157379,91.04338074,95.38303375,94.3319397,95.82508087,97.84819031,,105.0875092,105.5508804,106.3658905,105.3136215,104.331398,103.7370987,103.0746613,102.056221,101.735611,101.8349304,102.2593384,102.5565491,102.5842514,102.8688889,102.9093399,103.3546524,103.2310028,103.9151306,103.9151306
Channel Islands,CHI,"School enrollment, primary (% gross)",SE.PRM.ENRR,,,,,,,,,,,,,,,,,,,,,,,,,,,
Chile,CHL,"School enrollment, primary (% gross)",SE.PRM.ENRR,107.3970108,107.0223618,103.6022186,103.2489777,,,102.3976898,80.26183319,106.3683701,108.3655777,108.9311295,,108.1068802,106.6762924,110.4935684,109.5047226,108.9910507,109.1213226,108.7578812,106.7561798,103.2851334,102.197052,101.7256012,100.1880798,100.5261383,101.6437302,101.6437302
China,CHN,"School enrollment, primary (% gross)",SE.PRM.ENRR,129.7021942,126.3403931,123.4035416,119.8457031,116.281311,112.9893494,109.1171112,,106.2041931,,,107.4354706,110.2409668,113.4654999,,,104.7535095,109.3653564,112.9970474,113.9523926,112.4739227,110.7839813,110.088768,108.7339478,103.9189682,104.1251297,104.1251297
Ivory Coast,CIV,"School enrollment, primary (% gross)",SE.PRM.ENRR,70.89964294,69.42201233,68.8474884,67.55937195,69.67977905,70.30516052,70.81194305,71.78513336,72.68663788,74.85083771,74.27895355,76.50718689,76.95688629,72.4408493,,,69.16043091,69.65470886,73.61167908,72.95069122,,81.5593338,84.99391174,86.54437256,89.60569,93.63452148,93.63452148
Cameroon,CMR,"School enrollment, primary (% gross)",SE.PRM.ENRR,97.31208038,94.75829315,88.99952698,,82.14006042,79.93013,73.38243866,76.74417114,78.72663116,81.00920105,83.14260101,98.14322662,97.9571991,97.9484024,102.2406006,100.3402328,99.31360626,101.3080215,101.6446762,103.871727,106.1925278,105.9060211,110.8113098,,113.5502396,117.1338577,117.1338577
Democratic Republic of the Congo,COD,"School enrollment, primary (% gross)",SE.PRM.ENRR,61.27854919,78.66371155,76.28096771,76.77887726,74.47261047,78.47570801,,,63.34833908,51.29423904,,,64.08535004,,,,,88.94091034,96.94863892,96.1054306,95.74353027,97.03485107,101.4593811,102.9025879,106.9730911,106.9730911,106.9730911
Republic of the Congo,COG,"School enrollment, primary (% gross)",SE.PRM.ENRR,125.5598221,123.8280792,121.0047379,123.421257,119.6385193,120.380928,113.5282898,111.7348633,93.74478912,59.38988113,88.27317047,103.7705078,106.3671188,100.7434464,112.5652313,111.8525925,112.1687469,109.6132126,107.2432785,111.0634689,113.0668793,113.3167725,110.8884583,,,,
Colombia,COL,"School enrollment, primary (% gross)",SE.PRM.ENRR,101.6860123,101.9926224,106.149353,107.3368301,108.3128281,109.3637314,114.5757599,,119.2934265,119.6319504,120.9109421,118.9821091,120.98703,,125.0216217,127.5044098,128.7162933,129.4152069,129.4988861,129.6851501,124.2846375,120.5187302,116.5612106,116.6210709,113.7466202,113.5627213,113.5627213
Comoros,COM,"School enrollment, primary (% gross)",SE.PRM.ENRR,96.32727814,99.79718018,103.9373398,97.93328094,99.85375214,,95.27316284,,99.52773285,91.90709686,102.2122803,,111.2042465,109.5902176,107.4060287,,,102.7860489,107.2590408,,,106.3637238,,105.2490463,103.1701508,,
Cape Verde,CPV,"School enrollment, primary (% gross)",SE.PRM.ENRR,126.0927811,125.4094467,,,123.1633301,,,,121.7492218,120.2237625,117.5800323,115.6771698,115.1781387,113.5362473,111.2929611,110.2146301,110.4459381,110.124939,110.538208,110.8786087,111.6826019,112.7966232,113.2207336,114.2315216,113.1533585,109.8879013,109.8879013
Costa Rica,CRI,"School enrollment, primary (% gross)",SE.PRM.ENRR,102.4019012,103.7965088,105.2254333,106.0052185,106.4380722,107.2433701,108.1173019,108.309288,108.4248581,116.2200317,112.6095963,112.8374329,111.7081833,,115.4069977,112.9710388,114.7821274,114.0111237,115.4865723,117.0318069,116.9942017,115.9748764,114.5540466,111.833313,110.7868729,109.8176575,109.8176575
Caribbean small states,CSS,"School enrollment, primary (% gross)",SE.PRM.ENRR,105.6128998,103.9696579,103.9913712,103.76931,104.2869263,103.6403503,103.1409912,103.2454605,102.779747,101.4715271,101.768837,100.3158493,99.19061279,99.67922211,100.856102,100.3907928,100.5839615,98.22818756,100.0090027,99.81169128,98.64256287,99.41963196,99.94374084,99.51706696,99.75256348,,
Cuba,CUB,"School enrollment, primary (% gross)",SE.PRM.ENRR,99.70939636,98.0556488,99.63571167,100.0678482,101.7018585,101.2362137,104.9663315,104.4918823,102.1577072,102.0009995,101.3159866,100.6418991,100.4446716,98.44241333,98.59755707,98.86559296,99.23407745,100.0514297,100.5800934,102.259903,102.4280167,101.358429,99.84461212,97.55180359,98.11347198,97.55092621,97.55092621
Curacao,CUW,"School enrollment, primary (% gross)",SE.PRM.ENRR,,,,,,,,,,,,,,,,,,,,,,,,175.2441864,175.2441864,175.2441864,175.2441864
Cayman Islands,CYM,"School enrollment, primary (% gross)",SE.PRM.ENRR,,,,,,,,,,,,,,,,,,,,,,,,,,,
Cyprus,CYP,"School enrollment, primary (% gross)",SE.PRM.ENRR,82.37341309,81.97216034,80.46614838,101.0988083,100.7716217,99.88453674,99.78395081,99.79351044,,97.4384613,96.73135376,96.64961243,97.77345276,97.61051178,97.74523163,100.8579483,102.3869095,102.4738388,103.3517075,105.3647614,101.6243286,101.2005386,100.1753464,99.76197815,99.15271759,99.30011749,99.30011749
Czech Republic,CZE,"School enrollment, primary (% gross)",SE.PRM.ENRR,93.40393066,96.52053833,100.8758316,102.8202362,105.6721497,104.714798,104.3601608,101.9076538,103.21315,103.1660233,103.4830399,103.5793228,101.7266006,99.2080307,98.7841568,99.40908051,100.1909485,103.3758774,105.9328537,106.1737137,103.9991989,100.9491882,99.57389069,98.94242859,98.8651886,99.7469635,99.7469635
Germany,DEU,"School enrollment, primary (% gross)",SE.PRM.ENRR,,101.8760529,99.3135376,101.0191879,100.7309723,101.9034424,103.4015579,105.0108795,106.6489563,106.7262192,107.1734238,106.7122803,104.7427063,104.1538391,104.7348938,104.6836624,105.5820007,105.9588776,105.0134964,104.2170792,103.6879883,103.105751,103.0903015,103.0388031,103.33461,104.9695282,104.9695282
Djibouti,DJI,"School enrollment, primary (% gross)",SE.PRM.ENRR,33.86066055,33.44937897,34.5719986,31.04567909,32.34833145,32.81921005,32.34658813,31.52883911,30.86601067,31.17954063,31.12372971,34.88393021,36.75651169,38.80677032,41.22978973,43.44107819,46.78155899,50.00484848,60.4234314,59.73522949,,65.51165009,67.93322754,67.2782135,67.95456696,66.26309204,66.26309204
Dominica,DMA,"School enrollment, primary (% gross)",SE.PRM.ENRR,103.4820175,107.6394119,107.3041229,119.9606171,127.6074829,133.2664948,,,,128.3598022,120.3885498,113.011673,108.2274094,103.9968185,100.3354034,99.39987183,98.08496857,99.67707825,101.3073502,104.733429,108.8113403,114.041481,119.0121307,118.2735825,117.9491119,116.0123215,116.0123215
Denmark,DNK,"School enrollment, primary (% gross)",SE.PRM.ENRR,97.7409668,98.30641174,97.47506714,98.60643768,100.3647537,100.4459229,100.6941376,,101.6257477,101.3837204,101.4877167,101.4302292,103.3920822,,100.813118,98.81240082,99.37619781,100.0709991,99.65422058,99.59220123,99.60513306,100.8024673,101.3751068,101.5692825,101.3319931,101.5160065,101.5160065
Dominican Republic,DOM,"School enrollment, primary (% gross)",SE.PRM.ENRR,,99.76833344,99.91168976,101.3990707,100.1193237,97.73636627,101.3402786,100.5651779,108.0141068,111.1179428,114.1391525,,115.3736877,112.8727417,105.1703796,105.9766235,101.6888733,111.9089203,107.7286072,109.5429993,107.4461212,105.8355026,102.91436,102.9281235,100.6534882,103.4905396,103.4905396
Algeria,DZA,"School enrollment, primary (% gross)",SE.PRM.ENRR,92.07620239,93.91361237,95.92700958,96.22515869,96.85209656,96.88146973,98.05445099,99.23461914,100.4477768,102.3786163,104.9052963,103.9016724,105.1563721,106.0329895,107.0486984,107.7446594,108.2872086,109.6284027,109.3120575,112.4307404,115.4546127,116.7469177,118.2673569,119.7516632,118.7494736,116.1544418,116.1544418
East Asia & Pacific (excluding high income),EAP,"School enrollment, primary (% gross)",SE.PRM.ENRR,120.4668274,118.5053177,116.7607498,114.7705612,112.7778702,110.589798,108.1930313,106.4264526,106.2693405,105.9812927,106.3002014,106.8190536,108.5140533,110.3045425,106.8061676,103.009903,104.0425568,107.3779373,109.4525223,110.3424301,109.9568405,109.3304825,109.2914963,108.3527908,105.6847763,105.6847763,105.6847763
Early-demographic dividend,EAR,"School enrollment, primary (% gross)",SE.PRM.ENRR,93.51161957,93.73252106,93.69754028,94.28858185,95.09255981,94.82028961,95.32920074,95.264328,95.20799255,95.6517334,96.53543854,96.88009644,97.63848877,100.8416367,102.0161514,103.316803,104.0663376,105.8486862,106.1996689,106.2405472,106.6188278,106.778862,107.5236969,107.7821426,107.5891113,107.5891113,107.5891113
East Asia & Pacific,EAS,"School enrollment, primary (% gross)",SE.PRM.ENRR,118.8398666,117.0571136,115.4912491,113.7002792,111.9516296,109.9542236,107.7497482,106.1054916,105.9595184,105.6804199,105.9318924,106.3846207,108.0131607,109.7516174,106.6066208,103.1113663,104.0154877,107.0242081,108.8578262,109.6567535,109.391037,108.8553619,108.8051529,107.8859787,105.4209595,105.4209595,105.4209595
Europe & Central Asia (excluding high income),ECA,"School enrollment, primary (% gross)",SE.PRM.ENRR,104.5623627,105.9223175,105.369812,104.4445724,103.5664673,103.0100327,102.2499237,101.5368195,101.6343613,102.0606384,102.2368011,104.4034119,106.8811035,105.0512238,102.9923325,100.4343185,99.44888306,99.66282654,99.85146332,99.49646759,100.1641998,100.6809769,100.2095413,102.3486862,101.7982025,101.7982025,101.7982025
Europe & Central Asia,ECS,"School enrollment, primary (% gross)",SE.PRM.ENRR,103.4626007,103.8548279,103.1697769,102.9601517,102.6451111,102.2888107,102.1223679,101.9637375,102.4293671,102.786911,102.8815308,103.7283936,104.4247818,103.4483185,102.8590393,102.0650635,101.77668,102.0705795,102.4938431,102.2437363,102.4455185,102.5057602,102.3032837,103.6536407,103.2739105,103.2739105,103.2739105
Ecuador,ECU,"School enrollment, primary (% gross)",SE.PRM.ENRR,123.5200806,121.8440399,131.1813202,126.8957214,109.9561386,109.7355881,110.1340714,112.9271927,111.0803986,110.7981567,111.3261337,112.2804031,113.0507202,112.5536804,111.9520187,111.729187,111.6337433,112.9336319,,110.7757874,115.8319626,116.799881,117.5447235,115.0733109,113.3072662,113.817337,113.817337
Egypt,EGY,"School enrollment, primary (% gross)",SE.PRM.ENRR,90.35305023,92.66033173,84.42182922,85.02536774,94.04469299,86.7075882,95.20475769,94.52642059,,93.31128693,93.48522949,94.58927155,96.29441071,97.97001648,99.66700745,100.305069,103.055809,105.1552811,,107.6641312,107.1078415,102.0531769,106.2045364,105.5357285,103.9297333,103.9297333,103.9297333
Euro area,EMU,"School enrollment, primary (% gross)",SE.PRM.ENRR,104.177002,103.5990524,102.360527,102.4297638,102.652771,102.7841492,103.4067612,103.7183075,104.5274429,105.1413727,105.2058029,104.8709564,104.0489502,103.7563477,103.6399384,104.6618881,105.2626419,106.0151978,106.181488,105.7672119,105.1349716,104.533287,103.7652588,104.05056,103.731369,103.731369,103.731369
Eritrea,ERI,"School enrollment, primary (% gross)",SE.PRM.ENRR,22.07180023,20.29838943,32.11865997,38.16928101,41.69137955,43.95251083,46.11840057,45.43133163,,48.51984024,54.64471054,55.27159119,61.50107956,67.14526367,70.18131256,70.63191223,68.01191711,61.28168106,56.98571014,53.10298157,48.93296051,51.25677109,52.91733932,58.08539963,51.19477081,49.6370697,49.6370697
Spain,ESP,"School enrollment, primary (% gross)",SE.PRM.ENRR,104.4765472,105.2797089,104.6411667,106.4085464,106.067627,104.9912872,104.6987228,104.2050171,104.354332,104.4998474,104.4809723,104.0256119,103.6195297,103.4767075,103.732048,103.156723,103.8186035,105.5859299,107.0335388,107.1672592,105.7843018,104.7597504,103.5467682,105.5625,104.6902313,105.0263214,105.0263214
Estonia,EST,"School enrollment, primary (% gross)",SE.PRM.ENRR,93.51882172,92.24134827,91.72609711,89.63657379,90.45706177,91.73921204,95.49846649,97.21167755,99.56224823,101.3806,102.9653168,103.7753677,102.3747406,101.1818085,99.67962646,98.91074371,97.70197296,98.90332794,101.6079407,103.0712814,103.0379562,101.7153473,101.7095718,100.6962128,99.2646637,98.41120911,98.41120911
Ethiopia,ETH,"School enrollment, primary (% gross)",SE.PRM.ENRR,35.31726074,31.5874691,25.28068924,21.6839695,25.48111916,29.15617943,35.04750824,40.46815872,50.12110138,49.53929138,54.56259918,60.37121964,63.55118942,64.88963318,67.81620026,79.09095764,83.43901062,89.32125854,95.01277924,93.70031738,91.97376251,94.70565796,94.77941895,,100.1229095,102.1220627,102.1220627
European Union,EUU,"School enrollment, primary (% gross)",SE.PRM.ENRR,102.0164413,101.3842163,100.6317902,101.0319672,101.3570328,101.4433975,101.924408,102.2373199,102.9224091,103.1182404,103.1374435,103.0059891,102.4836121,102.3293304,103.0898972,103.6377487,103.756218,104.0394974,104.4516068,104.2744293,104.1141434,103.7695694,103.7342987,104.3310928,104.1029205,104.1029205,104.1029205
Fragile and conflict affected situations,FCS,"School enrollment, primary (% gross)",SE.PRM.ENRR,72.61405182,76.57817841,75.94474792,76.26966858,76.66229248,76.82620239,75.97731018,75.58238983,75.19513702,73.80345154,74.91806793,76.61849213,81.06021881,84.64987946,87.41853333,88.34210968,90.43836975,91.52498627,94.61766052,95.28160095,96.4367981,97.98249817,100.4005127,99.56822205,100.3490677,100.3490677,100.3490677
Finland,FIN,"School enrollment, primary (% gross)",SE.PRM.ENRR,98.61580658,98.82798767,99.28875732,99.4557724,99.42137146,99.1120224,99.18816376,99.33477783,100.0267715,100.5234375,101.3984375,101.4007111,100.5252914,99.81598663,98.93096161,98.56179047,98.1259613,98.52549744,98.80297852,98.9200592,99.12770844,99.43495178,100.4138107,100.826149,101.4284363,101.5337296,101.5337296
Fiji,FJI,"School enrollment, primary (% gross)",SE.PRM.ENRR,,108.7153702,107.5308914,,107.9966888,106.9402924,104.8430481,105.1379013,105.063179,103.7464905,101.5735016,103.9830475,105.8439407,108.5962067,112.6178818,,113.4680023,107.5303726,106.592453,105.11483,,104.8427582,104.9172592,105.5467911,,105.5448227,105.5448227
France,FRA,"School enrollment, primary (% gross)",SE.PRM.ENRR,112.3245468,109.492218,106.8288879,104.5494766,104.7505417,105.0319672,105.6974106,104.7139893,104.8571625,104.9663467,104.5445023,104.389473,104.0633087,103.7358322,103.2196121,108.9119186,109.149971,109.7601318,109.7228012,109.0777283,108.262619,107.7210236,106.230072,105.6433105,105.3583603,105.3583603,105.3583603
Faroe Islands,FRO,"School enrollment, primary (% gross)",SE.PRM.ENRR,,,,,,,,,,,,,,,,,,,,,,,,,,,
Micronesia,FSM,"School enrollment, primary (% gross)",SE.PRM.ENRR,,,,,,,,,,,,,,,113.1544724,111.3263397,,111.6458588,,,,,,,97.63204956,95.52176666,95.52176666
Gabon,GAB,"School enrollment, primary (% gross)",SE.PRM.ENRR,,,135.9689636,,139.5456085,145.7926788,144.0988007,143.4520874,,141.7363586,,136.7861786,142.4627075,138.9768524,,,,,,,,141.9934235,,,,,
United Kingdom,GBR,"School enrollment, primary (% gross)",SE.PRM.ENRR,106.8534775,105.4994507,104.1879196,,,,,,100.8103867,100.6942978,100.3860397,100.2391891,99.79078674,99.90814972,105.8047104,106.2709885,105.04879,103.174263,105.2619171,104.9610367,105.8608017,106.2576218,108.2431488,108.7408981,108.2402115,108.2402115,108.2402115
Georgia,GEO,"School enrollment, primary (% gross)",SE.PRM.ENRR,,97.41152191,96.07684326,87.23599243,86.13285065,83.93823242,83.84403229,86.31317902,90.52368164,94.14562225,97.28922272,95.43946838,92.35395813,92.24169159,94.71575928,95.08524323,100.6180115,107.3008118,110.1425323,110.483017,109.9229813,110.7276764,114.5301285,116.9001923,116.8619614,116.7846527,116.7846527
Ghana,GHA,"School enrollment, primary (% gross)",SE.PRM.ENRR,71.60015106,79.94783783,80.57411194,79.90679932,81.40408325,80.13211823,80.04680634,83.17398071,,81.35401154,86.00997925,80.76712799,83.72650909,80.24304962,83.79238129,90.35444641,95.35131073,100.9746094,106.7331619,105.5455093,,106.6694107,109.7110672,108.4762802,106.4636612,109.9253998,109.9253998
Gibraltar,GIB,"School enrollment, primary (% gross)",SE.PRM.ENRR,,,,,,,,,,,,,,,,,,,,,,,,,,,
Guinea,GIN,"School enrollment, primary (% gross)",SE.PRM.ENRR,34.81568909,37.17570877,36.32220078,39.99005127,42.0039711,45.9009819,47.09923935,50.59019089,51.05776978,53.69483948,57.22483063,60.67058945,69.52690125,73.32543945,76.80081177,79.15830231,80.93504333,82.8649826,83.65454865,82.9730072,84.56021118,87.30740356,88.670578,90.08528137,91.25817871,91.25817871,91.25817871
Gambia,GMB,"School enrollment, primary (% gross)",SE.PRM.ENRR,57.1828804,58.40631104,58.49612045,60.28313065,63.17179871,65.92326355,70.8551178,74.12969971,76.85588074,90.36092377,90.4901123,92.09632874,89.5355072,93.0845108,93.66539001,90.70256805,88.54490662,89.77757263,87.35315704,85.4280014,84.35131836,81.47180176,84.01344299,85.16796875,88.51078796,91.55632019,91.55632019
Guinea-Bissau,GNB,"School enrollment, primary (% gross)",SE.PRM.ENRR,,,45.88362122,44.17605972,49.07033157,52.76108932,54.90821838,59.36722946,62.36225128,,71.79820251,85.44450378,,,103.4740524,110.7981796,116.7619934,,,,113.6549835,,,,,,
Equatorial Guinea,GNQ,"School enrollment, primary (% gross)",SE.PRM.ENRR,,,,149.6737976,143.2561646,,,,,110.8235626,104.9022064,109.6415024,106.8420334,98.08408356,,96.20430756,,,81.14849854,80.70523834,81.56198883,81.54579926,84.45738983,,,79.12032318,79.12032318
Greece,GRC,"School enrollment, primary (% gross)",SE.PRM.ENRR,99.38559723,99.19954681,97.57028198,95.20271301,94.26172638,95.27916718,93.47911835,92.63220978,94.2334671,95.45929718,96.57756805,95.98873138,97.63342285,98.685112,99.78009796,99.0832901,98.89067841,98.70374298,,,100.2539673,99.32935333,99.29279327,98.60083008,97.62001801,97.62001801,97.62001801
Grenada,GRD,"School enrollment, primary (% gross)",SE.PRM.ENRR,117.2228317,116.5695801,121.0412979,122.5592422,120.5725327,118.9374924,109.800148,120.5865631,116.8212967,108.1415482,91.20018005,94.3197937,107.2385101,106.1592636,104.0313034,96.96868134,,96.27059174,99.65519714,104.5779572,103.3744431,,,102.6722717,103.1267319,104.8670197,104.8670197
Greenland,GRL,"School enrollment, primary (% gross)",SE.PRM.ENRR,,,,,,,,,,,,,,,,,,,,,,,,,,,
Guatemala,GTM,"School enrollment, primary (% gross)",SE.PRM.ENRR,74.1594696,77.35973358,81.07151794,82.7066803,82.57531738,85.00810242,86.54724121,87.43080139,93.8171463,99.44953156,101.602478,102.3725128,105.1771927,,110.5579834,111.4879684,112.2704086,112.4042969,113.0121689,117.284729,117.0072327,115.4257431,110.6746292,107.5487518,103.5915985,101.7914124,101.7914124
Guam,GUM,"School enrollment, primary (% gross)",SE.PRM.ENRR,,,,,,,,,,,,,,,,,,,,,,,,,,,
Guyana,GUY,"School enrollment, primary (% gross)",SE.PRM.ENRR,,107.1886902,104.614418,101.8462982,99.85246277,99.31639099,98.82691956,103.1553421,,108.4279022,107.1801834,103.0366516,,98.50676727,,99.31186676,92.9807663,92.490242,91.2252121,85.86206818,85.37081146,86.29354858,85.43836975,,,,
High income,HIC,"School enrollment, primary (% gross)",SE.PRM.ENRR,102.4196167,101.8916779,101.2429428,101.1315002,101.1222687,101.4931488,101.6936111,101.0242767,102.2140121,102.2919693,101.9269638,101.9401627,101.1499176,101.2934113,101.6087799,102.133728,102.4267883,102.8407288,103.0917892,102.7271805,102.3147736,102.008049,102.0233917,102.3178635,102.2940979,102.6102982,102.6102982
Hong Kong,HKG,"School enrollment, primary (% gross)",SE.PRM.ENRR,,,,,,,,,,,,,,,,,,,,,,,,,,,
Honduras,HND,"School enrollment, primary (% gross)",SE.PRM.ENRR,106.9783096,106.4109192,109.61129,110.5293732,110.122818,107.9807434,108.7078323,109.1200638,108.4256821,107.7459869,107.1000824,,,115.4546432,114.603241,111.5871811,116.7274399,112.8363419,115.2745514,114.8880615,116.5826874,116.1793365,113.2668915,110.7950287,109.1496277,110.713768,110.713768
Heavily indebted poor countries (HIPC),HPC,"School enrollment, primary (% gross)",SE.PRM.ENRR,60.73786926,62.48545837,61.21522903,61.3158493,62.33174133,64.84034729,65.12555695,69.04402161,70.35521698,69.9920578,72.52710724,75.98301697,81.47299194,84.96807098,88.00289917,90.72705078,93.29290771,95.570961,99.21748352,98.98052216,99.03678131,99.1572876,100.3312073,100.6406937,101.7303925,101.7303925,101.7303925
Croatia,HRV,"School enrollment, primary (% gross)",SE.PRM.ENRR,,,,80.23973846,83.92710114,84.81214905,86.37107849,87.28215027,91.12979126,93.12052155,95.04766846,97.08647919,99.76554108,101.7261276,,103.3187866,100.7027283,97.70210266,93.76159668,91.64961243,91.7927475,93.39820862,95.75022125,98.30229187,98.87487793,97.96414948,97.96414948
Haiti,HTI,"School enrollment, primary (% gross)",SE.PRM.ENRR,,,74.77601624,78.30294037,84.0537262,91.02761078,99.25559235,108.1997681,111.8778381,,,,,,,,,,,,,,,,,,
Hungary,HUN,"School enrollment, primary (% gross)",SE.PRM.ENRR,85.30706787,89.42592621,95.10753632,100.1879578,105.676712,104.9083633,102.1577988,100.5997314,100.6636429,100.7649918,101.1464462,100.2460327,99.03938293,98.13069916,97.48351288,98.08616638,99.40265656,99.48642731,101.5307693,102.1933594,102.0826035,101.1075974,100.3002472,100.0732117,101.5117493,101.6161499,101.6161499
IBRD only,IBD,"School enrollment, primary (% gross)",SE.PRM.ENRR,109.0161667,107.6546783,106.7011108,106.3149414,105.9992523,105.8744507,104.9527435,103.3433304,103.6518173,103.7249222,103.9068222,104.3343582,105.4666367,108.4628601,107.2177582,105.9059067,106.9303894,109.0680008,110.2631378,110.2140274,109.4683075,109.2907562,109.6283798,108.8916779,107.3860016,107.3860016,107.3860016
IDA & IBRD total,IBT,"School enrollment, primary (% gross)",SE.PRM.ENRR,99.53575897,98.87098694,98.22987366,98.17124176,98.10871887,98.22718811,97.32241058,96.83535004,97.3347168,97.40506744,98.05117035,98.59809113,100.0651779,102.7439804,102.6145935,102.232132,103.2363586,104.8776093,105.8041687,105.9490204,105.6768417,105.744278,106.1285934,105.5901337,104.865242,104.865242,104.865242
IDA total,IDA,"School enrollment, primary (% gross)",SE.PRM.ENRR,74.74797821,76.09745026,76.49073029,77.44061279,78.10211182,78.81787872,77.98906708,80.38555145,81.60063171,81.9593277,84.07578278,85.38426208,88.04589081,90.45941925,92.58174133,94.45588684,95.64808655,96.51667023,97.17017365,97.90622711,98.65278625,99.30860901,99.88449097,99.75073242,100.4713135,100.4713135,100.4713135
IDA blend,IDB,"School enrollment, primary (% gross)",SE.PRM.ENRR,84.21836853,84.75393677,85.91533661,88.15377808,88.5473175,87.83323669,84.47650146,86.80400848,88.64790344,90.14842987,92.15518951,92.08126068,92.10945129,92.5854187,94.52279663,96.02327728,95.24793243,94.21440887,91.22162628,92.48014069,93.67931366,92.78987122,93.07834625,92.54646301,94.1109314,94.1109314,94.1109314
Indonesia,IDN,"School enrollment, primary (% gross)",SE.PRM.ENRR,114.3980179,112.6820602,110.9582291,110.3137817,111.0286636,110.5386581,110.0135803,109.946312,110.7724533,111.3793564,108.7780228,109.7656097,109.9067078,109.4723434,108.829361,107.7922287,106.0453873,109.0557404,107.5075073,108.1407089,108.656311,108.6352463,108.691452,106.3430328,105.7409592,105.8527527,105.8527527
IDA only,IDX,"School enrollment, primary (% gross)",SE.PRM.ENRR,69.59179688,71.39273071,71.37110901,71.6297226,72.44271851,73.93769836,74.45423126,76.90393829,77.82804871,77.60214996,79.81719971,81.89530182,85.95326233,89.38082123,91.61331177,93.68713379,95.84072113,97.60761261,99.94875336,100.4099197,100.9271164,102.2734833,102.9850006,103.0413666,103.3951187,103.3951187,103.3951187
Isle of Man,IMN,"School enrollment, primary (% gross)",SE.PRM.ENRR,,,,,,,,,,,,,,,,,,,,,,,,,,,
India,IND,"School enrollment, primary (% gross)",SE.PRM.ENRR,91.83390808,91.54216766,91.8289032,93.52689362,94.64933014,94.36852264,94.23313904,93.85736847,92.22186279,92.89160156,94.58763123,94.41246796,95.02355957,102.9623489,,,,110.2214432,110.8635025,109.5730286,109.1836472,108.3747177,109.7577515,110.5846481,107.9214325,108.6006165,108.6006165
Not classified,INX,"School enrollment, primary (% gross)",SE.PRM.ENRR,,,,,,,,,,,,,,,,,,,,,,,,,,,
Ireland,IRL,"School enrollment, primary (% gross)",SE.PRM.ENRR,99.61958313,99.26093292,98.70652008,99.15763092,99.24150848,99.71653748,99.95704651,78.92669678,101.7712021,102.7885208,103.5662384,103.9339218,106.0957565,106.972023,107.1159668,106.6860275,106.7267838,108.0107574,108.027977,107.9256973,106.7894821,105.2078781,103.6377563,102.8611069,102.1174622,101.4280014,101.4280014
Iran,IRN,"School enrollment, primary (% gross)",SE.PRM.ENRR,106.3392792,108.8167419,110.1379395,109.4001694,107.3704071,105.9780197,105.0528564,102.4506302,102.5076294,100.8287506,100.0858994,100.4571304,99.97196198,99.40917969,100.3162384,100.0843201,103.6945572,104.896492,106.1582413,107.1237335,105.7618866,105.4044495,105.2823486,118.3960876,109.1840897,108.916008,108.916008
Iraq,IRQ,"School enrollment, primary (% gross)",SE.PRM.ENRR,,108.2725296,90.29212189,89.45044708,,,84.44783783,,,97.64724731,96.50334167,,,105.9069672,104.4006577,,,108.1218033,,,,,,,,,
Iceland,ISL,"School enrollment, primary (% gross)",SE.PRM.ENRR,101.5273895,101.2599792,100.2264862,98.92150879,97.47232056,97.97250366,98.10314178,98.34757996,99.03646851,100.3006897,102.1920166,102.5354767,100.1049881,99.39672852,97.89572906,97.93224335,97.94584656,98.04138947,98.64282227,99.12690735,98.68829346,98.54683685,98.66706848,99.13195038,,,
Israel,ISR,"School enrollment, primary (% gross)",SE.PRM.ENRR,95.37017059,98.2071228,100.8722229,101.3842087,101.2023087,102.8345795,103.3750229,,,104.7601013,105.9670563,105.9954376,105.8631973,105.4005737,105.0619888,103.5446167,102.6209488,103.1577225,102.5333176,102.904953,104.2485809,104.9834824,105.5940781,104.500412,104.1763687,104.7763824,104.7763824
Italy,ITA,"School enrollment, primary (% gross)",SE.PRM.ENRR,98.4384613,98.54663849,99.45799255,100.1578369,98.57090759,98.17912292,99.22522736,99.93743896,101.0358276,103.795517,102.8674774,102.231987,101.5268326,101.1869888,100.9971313,101.4477081,102.4923172,103.516777,103.6099472,102.7151108,102.1432037,101.6664963,100.8574905,101.8940277,101.540741,101.0373535,101.0373535
Jamaica,JAM,"School enrollment, primary (% gross)",SE.PRM.ENRR,103.6263733,102.236557,,98.83892822,,,,,,95.12573242,96.70030212,96.65968323,96.99537659,95.58766174,97.24514008,,,,,,,,,,,,
Jordan,JOR,"School enrollment, primary (% gross)",SE.PRM.ENRR,101.5776825,100.563591,101.9349136,101.4728012,100.1518631,99.78041077,101.1136703,,100.336853,101.3119507,102.5286789,,105.7026978,107.0124283,107.0836411,105.5499725,103.1163101,100.0045776,97.53838348,,91.01065063,89.78766632,88.71904755,89.87332916,97.34287262,97.34287262,97.34287262
Japan,JPN,"School enrollment, primary (% gross)",SE.PRM.ENRR,101.6479492,101.0680771,100.9595795,101.1427383,102.15979,102.8102798,102.7029114,102.0039291,101.6049271,101.3053818,101.0219498,100.7408371,101.1022415,101.3231506,101.8598404,101.9082413,102.088913,101.9826889,101.4906769,101.9602966,102.1928635,102.6288681,102.3000412,101.5752411,101.2246475,101.2246475,101.2246475
Kazakhstan,KAZ,"School enrollment, primary (% gross)",SE.PRM.ENRR,114.5006485,118.045433,121.8891068,123.7680283,122.439949,101.0429764,101.1124878,98.8961792,96.32501221,95.76360321,96.41622925,99.35066986,100.9882584,101.9571075,102.6666183,101.7064133,100.5959702,101.822319,106.0378189,107.2134705,107.5972595,108.5714874,109.1691818,110.6585083,111.3487701,110.5636826,110.5636826
Kenya,KEN,"School enrollment, primary (% gross)",SE.PRM.ENRR,100.4274368,98.25846863,96.84690857,96.05815887,92.64807892,90.54490662,,,92.02365112,90.88511658,95.68810272,97.41139984,91.90972137,107.3709412,107.4184494,107.6782608,105.5734024,112.6296387,112.3023987,113.2679977,,116.5523834,116.1312485,,111.3958588,108.9739304,108.9739304
Kyrgyzstan,KGZ,"School enrollment, primary (% gross)",SE.PRM.ENRR,109.8723984,110.2805176,110.6050186,110.6720276,111.6838226,111.3319702,101.2648926,100.2717133,97.88877106,96.49099731,95.98809052,95.72586823,95.42067719,96.02071381,97.12503815,97.73885345,98.85112762,97.37610626,97.5433197,97.36158752,97.97509766,98.43942261,102.9465332,106.0738907,107.6717987,107.3585815,107.3585815
Cambodia,KHM,"School enrollment, primary (% gross)",SE.PRM.ENRR,111.9193878,101.3814392,,,98.70845032,101.2738571,,92.87207031,96.08123779,100.9178009,106.4697571,115.4379578,128.9844971,131.0161438,131.4718933,130.4382477,128.377533,127.3904037,123.3103104,122.8362122,123.3898773,121.7045898,121.3544617,123.0083313,116.3896408,116.6571274,116.6571274
Kiribati,KIR,"School enrollment, primary (% gross)",SE.PRM.ENRR,117.2031937,120.4735413,120.4873581,119.3126068,119.6240387,118.2886124,117.648262,117.8353806,116.1023712,108.4797134,109.6176987,118.0457306,110.6139832,116.1446762,111.874733,111.9802933,108.4102707,106.0121002,110.6740799,110.8136978,,,,,113.1121216,104.4634094,104.4634094
St. Kitts and Nevis,KNA,"School enrollment, primary (% gross)",SE.PRM.ENRR,113.5555573,107.2972183,108.5508575,106.7996368,107.3731995,104.8669891,,,97.05256653,,106.1168213,102.8794632,99.81401062,100.0938187,100.2980423,99.12581635,,93.16226196,96.59803009,94.25595093,93.46981049,90.22885132,87.88748932,84.65615845,83.71916962,82.50566101,82.50566101
South Korea,KOR,"School enrollment, primary (% gross)",SE.PRM.ENRR,105.953537,106.2436981,106.0582123,105.1124496,104.7735901,104.1622009,103.3262482,102.0783997,103.0516281,103.0465164,101.2589035,101.2279282,103.4708481,107.4832993,110.0991592,111.6292877,107.9708481,105.7537079,103.2878036,101.4126511,101.9165573,102.5097809,101.370079,99.03199768,98.96880341,99.00906372,99.00906372
Kuwait,KWT,"School enrollment, primary (% gross)",SE.PRM.ENRR,93.45159149,60.59325027,58.9704895,69.20799255,81.27735901,89.95983887,101.9016571,105.2157822,105.5290222,104.0536575,104.8411102,105.5720215,108.9784622,109.9151688,108.9412918,108.7072601,103.57798,104.8392105,101.5178375,101.6311035,102.8022079,106.8013687,105.9889221,104.1896896,102.6835098,102.6835098,102.6835098
Latin America & Caribbean (excluding high income),LAC,"School enrollment, primary (% gross)",SE.PRM.ENRR,115.00914,112.3321762,113.3821793,113.9967804,114.8867416,122.443428,122.7785873,117.697403,123.409729,122.8782272,119.8082962,120.1177902,119.8333664,118.1046982,116.5273819,116.1005096,115.3284988,115.0408478,115.3270798,115.2361908,112.7434235,115.2796631,114.2874985,109.2550812,108.6385193,108.6385193,108.6385193
Laos,LAO,"School enrollment, primary (% gross)",SE.PRM.ENRR,98.52200317,98.24948883,96.05217743,102.0045319,105.2934036,106.1308365,109.5336304,110.1019592,111.4530411,108.9960938,106.7375793,104.3043594,105.7041473,107.8138885,109.4397736,111.6938477,113.8465881,115.4752121,118.2203979,120.7234802,122.9248734,121.650238,120.0650406,118.8621292,116.3394928,111.3458099,111.3458099
Lebanon,LBN,"School enrollment, primary (% gross)",SE.PRM.ENRR,,,111.6425171,111.5632095,115.5396271,116.6570816,117.6375427,122.5467224,128.3249969,134.1441956,130.9846954,127.8276291,120.1522675,112.4017181,107.486557,103.3642426,100.6442719,101.9793015,102.5866699,104.0386429,104.7297668,103.7496414,99.08582306,97.14633179,94.11962128,92.41384888,92.41384888
Liberia,LBR,"School enrollment, primary (% gross)",SE.PRM.ENRR,,,,,,,,,76.22160339,95.16742706,112.6877136,,,,,,92.52455139,,93.25567627,99.63815308,,102.3847122,,,95.64746857,93.91632843,93.91632843
Libya,LBY,"School enrollment, primary (% gross)",SE.PRM.ENRR,,,,,,,,,,109.7886963,,108.0468903,108.8124313,109.5625687,112.1531296,108.1710663,114.5395584,,,,,,,,,,
St. Lucia,LCA,"School enrollment, primary (% gross)",SE.PRM.ENRR,141.5915527,140.1885834,137.6049347,136.462738,133.1220856,126.4192429,128.5767365,129.7185364,128.9094086,104.2930527,103.4613724,104.6361694,103.4834518,103.3912582,102.0608368,103.0829086,107.4057465,100.2959518,,,,,,,,,
Latin America & Caribbean,LCN,"School enrollment, primary (% gross)",SE.PRM.ENRR,114.5086365,111.942543,112.8528137,113.4329834,114.2699127,121.4723282,121.7909317,117.0575333,122.5892563,122.1296005,119.2249222,119.4936218,119.2151489,117.5504684,116.166748,115.7403336,115.0062103,114.7426224,115.0096588,114.8698502,112.3952103,114.7485733,113.7907715,108.9367676,108.3530502,108.3530502,108.3530502
Least developed countries: UN classification,LDC,"School enrollment, primary (% gross)",SE.PRM.ENRR,67.11910248,68.91465759,68.86083984,69.28762054,70.27060699,72.15258026,72.7306366,75.35838318,76.39446259,76.20691681,78.38791656,80.7208786,85.43221283,88.71029663,91.16642761,93.37683105,95.76843262,97.40366364,99.89955139,100.4164581,100.87854,102.642868,103.227478,103.4251175,103.9369202,103.9369202,103.9369202
Low income,LIC,"School enrollment, primary (% gross)",SE.PRM.ENRR,60.87282944,62.86727142,61.64617157,61.99172974,63.11249161,66.07698059,66.79519653,71.38973999,72.20420837,71.72950745,74.28800201,77.37400818,83.34468842,87.20655823,90.05506897,92.64408875,95.60450745,97.97753143,101.3337936,101.7084198,101.659111,101.65065,102.3957367,102.4343338,102.8349686,102.7561264,102.7561264
Liechtenstein,LIE,"School enrollment, primary (% gross)",SE.PRM.ENRR,,,,,,,,,,,,,,106.1243973,109.1522217,,107.5119629,107.1121674,105.5256729,105.6987076,105.4591827,104.9505005,103.8280029,,102.6609879,105.6654205,105.6654205
Sri Lanka,LKA,"School enrollment, primary (% gross)",SE.PRM.ENRR,109.8763885,110.4690628,109.1093292,108.8909378,108.7268372,111.3564377,106.6159363,,106.9544983,,,107.7683563,106.0275116,102.7791138,97.67597198,99.62741089,98.97540283,98.38672638,97.41358185,95.07788849,99.70716095,99.74160004,100.0958023,100.6485977,101.2704468,101.6766968,101.6766968
Lower middle income,LMC,"School enrollment, primary (% gross)",SE.PRM.ENRR,91.73400879,91.78549957,91.94033051,93.10430145,94.04689026,93.42938995,93.08522797,93.10386658,93.32434845,94.12550354,95.36739349,95.56408691,96.16108704,99.95861053,101.31073,102.5493317,103.0792084,104.114563,103.7946014,103.8498611,104.3537216,104.8444824,106.1044388,106.183548,104.1836929,104.2793732,104.2793732
Low & middle income,LMY,"School enrollment, primary (% gross)",SE.PRM.ENRR,,,,,,,,,,,,,,,,,,,,,,,,,,,
Lesotho,LSO,"School enrollment, primary (% gross)",SE.PRM.ENRR,110.1545334,111.4456177,110.3310318,106.4726563,109.2809982,111.9919815,110.1179886,107.6810989,107.1501083,105.1435013,117.6201935,118.3070679,118.6004791,120.8320923,119.1893616,117.1377335,117.4122391,110.9100113,110.1876907,109.374321,110.4907379,110.9714127,110.9631729,107.9747314,107.0942078,105.5202789,105.5202789
Late-demographic dividend,LTE,"School enrollment, primary (% gross)",SE.PRM.ENRR,121.190567,118.1932983,116.7286835,115.0436935,113.4210129,113.7913666,111.2780609,108.2055435,109.4032211,108.8323517,108.6688232,109.3994217,111.2265015,113.0417633,108.8024673,104.8058319,106.1936417,109.1001892,111.8293533,112.4381332,110.7019272,110.7544937,110.2125473,107.7123184,104.9810715,104.9810715,104.9810715
Lithuania,LTU,"School enrollment, primary (% gross)",SE.PRM.ENRR,89.60679626,91.91323853,91.36373138,94.30461884,95.93692017,98.79653168,100.1159286,101.6643677,101.7956772,103.4896927,106.9216003,108.6884003,104.6699524,100.5434113,96.97093964,94.63964844,95.70108032,98.02536774,98.99343109,100.46315,100.0809097,98.66911316,99.5406723,100.9770966,102.4602203,103.4391022,103.4391022
Luxembourg,LUX,"School enrollment, primary (% gross)",SE.PRM.ENRR,,90.77368927,,,102.0958481,95.50711823,95.50334167,95.10701752,94.74095917,99.78769684,100.1388321,100.1264114,100.3130493,99.39919281,100.1447067,100.8060837,101.4633408,101.5256729,100.6099319,,97.6169281,96.56111908,97.04454803,96.54360199,97.13008881,97.13008881,97.13008881
Latvia,LVA,"School enrollment, primary (% gross)",SE.PRM.ENRR,94.47444916,98.17806244,98.43579865,90.84011841,86.39437866,85.98441315,90.86923981,96.11547852,98.17572784,98.51126862,99.88598633,100.3987732,98.37654877,96.8397522,94.27629852,93.65904236,94.91207123,97.59755707,101.1564026,103.7886429,105.8476868,105.2959213,104.3839188,102.7310104,100.4082108,99.66523743,99.66523743
Macao,MAC,"School enrollment, primary (% gross)",SE.PRM.ENRR,106.6893387,105.5535431,107.201088,108.3100281,,,,,,100.0469437,102.9650803,103.1722412,105.6481628,105.268837,105.6659775,104.5801468,102.2246399,102.6590576,100.6636734,96.24246979,94.33455658,94.59513092,93.23946381,93.66336823,96.72123718,100.3891068,100.3891068
St. Martin,MAF,"School enrollment, primary (% gross)",SE.PRM.ENRR,,,,,,,,,,,,,,,,,,,,,,,,,,,
Morocco,MAR,"School enrollment, primary (% gross)",SE.PRM.ENRR,67.22088623,63.71092987,64.75653839,67.39028168,70.30702209,73.33093262,75.97338867,78.11696625,81.32169342,86.74923706,92.05889893,96.54051971,101.6416931,104.2231979,104.6127777,105.0330811,105.005722,106.9748306,107.2277832,108.1508713,112.2755127,115.0585785,116.5086823,116.7140427,116.1342468,114.7061462,114.7061462
Monaco,MCO,"School enrollment, primary (% gross)",SE.PRM.ENRR,,,,,,,,,,,,,,,,,,,,,,,,,,,
Moldova,MDA,"School enrollment, primary (% gross)",SE.PRM.ENRR,90.01457977,93.07232666,93.36080933,92.38967133,91.36313629,95.21492767,94.43183899,94.7808075,,99.72229004,101.3763809,99.36110687,99.47888947,99.48654175,99.82285309,97.89131165,96.65267181,94.41767883,94.02986908,93.57756042,93.54077911,93.60298157,93.79797363,93.76831055,93.06421661,92.41278076,92.41278076
Madagascar,MDG,"School enrollment, primary (% gross)",SE.PRM.ENRR,96.44750977,99.92835999,93.77617645,90.66919708,87.74536133,83.80518341,86.43786621,,91.23712921,93.68977356,99.63477325,101.1612396,102.1856918,117.2645493,133.6620636,138.3220825,138.1116943,139.2682495,142.3454437,149.9517365,144.577774,144.4774628,145.1858673,145.2469635,146.744812,148.894455,148.894455
Maldives,MDV,"School enrollment, primary (% gross)",SE.PRM.ENRR,,,118.8065109,122.2604599,125.5981979,123.0099716,122.6004105,119.6066284,126.2583923,127.5888214,128.1674957,126.1477814,124.0989304,123.8145981,122.3968887,116.096611,114.3137436,108.8731537,105.2535095,102.428009,,,,,,,
Middle East & North Africa,MEA,"School enrollment, primary (% gross)",SE.PRM.ENRR,93.42653656,94.11505127,91.92337036,92.10978699,93.77243042,92.23989868,94.00113678,94.00032043,94.70256805,95.46238708,96.26354218,97.50450897,98.93914795,100.2574615,101.0542221,101.4951324,102.7239075,103.8078003,104.3428268,105.2232437,105.9024811,105.6663513,107.1563873,107.4492569,105.2605972,105.2605972,105.2605972
Mexico,MEX,"School enrollment, primary (% gross)",SE.PRM.ENRR,110.7498779,109.9885406,109.9190369,109.8209534,109.5407333,109.448143,108.7897491,107.9412537,106.9818115,106.5081406,106.2462006,105.7670975,105.5559082,105.1349335,104.1028214,103.0189438,101.7454987,101.6324463,101.8531189,102.90728,103.4065399,104.0360413,104.6514435,104.324913,103.3891983,103.3891983,103.3891983
Marshall Islands,MHL,"School enrollment, primary (% gross)",SE.PRM.ENRR,,,,,,,,,,89.7943573,,,120.4539185,109.7603226,120.7199326,116.0495605,115.7938995,112.272789,110.4461823,107.6528702,,105.4020691,,,,93.39985657,93.39985657
Middle income,MIC,"School enrollment, primary (% gross)",SE.PRM.ENRR,103.9614105,103.0406876,102.5384979,102.4827271,102.3295364,102.1409607,100.9509811,,100.3902512,100.7132111,101.1880188,101.5059967,102.4478989,105.0671616,104.4808502,103.7084885,104.4547577,106.0230713,106.5728302,106.7049637,106.4051514,106.7644577,107.2987366,106.8890228,104.677063,104.8525085,104.8525085
Macedonia,MKD,"School enrollment, primary (% gross)",SE.PRM.ENRR,,,,95.65402985,96.76307678,98.84233856,101.9172363,102.788269,103.0273438,102.3617783,100.3662491,98.44994354,97.41950226,95.25422668,94.54633331,94.29434967,92.50257874,91.09217072,85.85774231,85.50847626,85.59890747,,85.75721741,89.69390869,90.40830231,93.21849823,93.21849823
Mali,MLI,"School enrollment, primary (% gross)",SE.PRM.ENRR,27.18552017,27.82155037,29.64398003,33.18304062,36.39057159,39.02986145,42.66865158,47.59375,51.47848129,55.69424057,57.44321823,62.04877853,65.63153076,67.10214233,70.10105896,73.23419189,76.05522919,78.59349823,80.63246155,82.16953278,83.02407074,83.95950317,80.85401154,76.12657928,77.19281006,75.79035187,75.79035187
Malta,MLT,"School enrollment, primary (% gross)",SE.PRM.ENRR,106.4504089,106.9908371,103.9446793,104.1284027,104.2998734,103.8671188,105.1324768,106.4327774,107.1762924,107.3055267,106.5561523,105.5597534,103.8601913,101.5304794,100.4235001,96.87091064,96.37454224,96.12126923,96.64981842,93.38076782,99.00538635,99.02110291,98.73889923,100.1100311,101.9049988,103.4143906,103.4143906
Myanmar,MMR,"School enrollment, primary (% gross)",SE.PRM.ENRR,89.23007202,98.68226624,107.2467499,108.846489,110.0774612,105.3726807,105.2040482,101.2187119,,95.10536194,98.26374054,97.34348297,97.29189301,99.03795624,99.01953125,98.28540039,97.83576202,97.71810913,98.45777893,97.04405975,96.72332764,,,,99.65828705,99.65828705,99.65828705
Middle East & North Africa (excluding high income),MNA,"School enrollment, primary (% gross)",SE.PRM.ENRR,94.93292236,95.740448,93.2105484,93.27137756,94.96826935,93.07064056,94.86844635,94.72686768,95.39540863,96.1440506,96.95568848,98.27715302,99.7410965,101.1082916,101.91185,102.3010025,103.7362366,104.8137665,105.3726196,106.2028122,106.731842,106.3607712,107.7828827,107.6567764,105.0131073,,
Montenegro,MNE,"School enrollment, primary (% gross)",SE.PRM.ENRR,,,,,,,,,,,,,,107.3160095,108.1383667,112.6497116,116.9968567,118.2142334,119.4759674,112.513588,106.7764816,95.40838623,95.27854156,,,94.30671692,94.30671692
Mongolia,MNG,"School enrollment, primary (% gross)",SE.PRM.ENRR,101.4636765,100.0517273,91.57243347,80.55606842,80.6605835,87.4181366,93.72441101,92.45641327,94.65583038,96.74163055,99.02320862,101.4206619,102.0610428,105.3989792,108.5178223,97.96661377,100.7962875,100.0192337,103.5194321,114.4853897,125.6966934,122.0638428,116.9176636,108.9292068,101.6784286,100.89608,100.89608
Northern Mariana Islands,MNP,"School enrollment, primary (% gross)",SE.PRM.ENRR,,,,,,,,,,,,,,,,,,,,,,,,,,,
Mozambique,MOZ,"School enrollment, primary (% gross)",SE.PRM.ENRR,63.25128937,60.78382874,58.98134995,59.16613007,61.58811951,65.93849945,,,63.69836044,68.65074158,73.7111969,79.25128937,81.69239044,,89.87521362,96.10501099,98.03314209,103.6561813,107.6289063,107.8491669,108.8768387,105.0680389,104.0015869,105.0090408,104.7789383,105.8019409,105.8019409
Mauritania,MRT,"School enrollment, primary (% gross)",SE.PRM.ENRR,46.71197891,49.20106125,54.12432861,61.29370117,67.4887085,71.28578949,74.81255341,78.56745911,80.79843903,82.52970123,82.68546295,81.78468323,83.00359344,84.86633301,91.0337677,90.75408173,93.19716644,94.29486084,90.03250122,95.1592865,96.29503632,95.0072937,95.86981964,96.26986694,97.97109985,102.4521713,102.4521713
Mauritius,MUS,"School enrollment, primary (% gross)",SE.PRM.ENRR,111.77948,110.8031311,107.3856735,105.1933517,104.4212875,104.8466873,105.9259109,106.2882004,106.202652,105.4057465,104.5593033,102.3666763,101.4913483,101.4003372,102.031311,103.2264023,103.9654999,103.6567917,103.88311,102.8646698,102.7860184,103.0405807,103.1760712,102.2215805,102.6977768,103.0363617,103.0363617
Malawi,MWI,"School enrollment, primary (% gross)",SE.PRM.ENRR,73.12120819,76.06419373,91.40630341,97.16590118,103.7406921,152.2514954,148.3467102,,134.3637085,133.3884125,135.9728699,140.035553,136.4830627,,129.2651062,127.1659775,126.7708893,123.9610519,131.2834473,130.0533447,136.7475739,138.9832458,140.1616516,145.8815765,146.5065308,145.4657745,145.4657745
Malaysia,MYS,"School enrollment, primary (% gross)",SE.PRM.ENRR,92.69154358,93.60222626,94.84900665,95.70307922,96.16953278,96.77877045,97.40145111,,95.78681183,95.38246918,98.07570648,97.28414154,95.86766815,96.99291229,100.0671768,101.405098,100.9017792,100.4229584,100.2025833,100.1189499,100.1106491,100.7276535,101.8748093,103.4002304,102.7663193,101.7920532,101.7920532
North America,NAC,"School enrollment, primary (% gross)",SE.PRM.ENRR,105.0282898,104.3697891,103.6378479,102.8865585,102.3430176,103.6349106,103.7640686,103.6362915,103.5114899,103.2245026,102.3231888,102.7047577,100.4698029,100.4030075,99.83389282,100.3750076,101.3340912,102.4344177,102.9095917,102.0512085,100.4414673,99.76302338,99.57285309,99.51377106,99.61546326,99.61546326,99.61546326
Namibia,NAM,"School enrollment, primary (% gross)",SE.PRM.ENRR,118.2833633,125.8822174,126.077652,124.8390427,127.1300507,124.1070938,122.1676712,120.5325928,118.9859085,114.9546967,114.3527527,113.6207428,113.2719574,112.6082306,109.7842178,109.0531921,108.1256332,109.6577225,108.762352,108.2280121,107.6651535,,109.5130005,111.4281082,,,
New Caledonia,NCL,"School enrollment, primary (% gross)",SE.PRM.ENRR,,,,,,,,,,,,,,,,,,,,,,,,,,,
Niger,NER,"School enrollment, primary (% gross)",SE.PRM.ENRR,26.80686951,27.98596954,27.5039196,27.92222023,28.79530907,28.97797012,29.07640076,29.77985001,29.7963295,31.4088707,32.94068909,35.9351387,40.11851883,43.30101013,47.22388077,48.92116928,49.53668976,52.02917862,55.89913177,59.69412994,63.38890839,67.27239227,69.3842392,70.22579956,70.60041809,72.4993515,72.4993515
Nigeria,NGA,"School enrollment, primary (% gross)",SE.PRM.ENRR,86.26172638,85.42163849,89.46479797,93.56465912,93.35262299,89.06057739,78.45744324,,,93.81056976,98.35726166,96.04457855,97.64417267,99.07559967,100.2601395,100.9334717,101.6728134,92.9023819,83.75980377,84.99313354,84.7188797,90.24848938,91.65850067,93.67488861,,,
Nicaragua,NIC,"School enrollment, primary (% gross)",SE.PRM.ENRR,87.4436264,91.07866669,93.18398285,95.94393921,98.26377106,97.09954071,96.22366333,97.68052673,98.01637268,103.7612228,104.8304367,108.9696884,116.4637527,117.5403366,120.0344315,121.0668488,124.7657623,124.0885391,124.0155182,,123.2591782,,,,,,
Netherlands,NLD,"School enrollment, primary (% gross)",SE.PRM.ENRR,103.7406082,103.1208191,98.21150208,97.64555359,107.9762878,107.9055862,107.9541702,108.3116684,108.8263016,108.7294388,108.5995026,108.1094666,107.8956604,107.8364105,107.1230621,106.8643799,107.0931702,107.7743912,108.4541626,108.9093399,109.1568375,108.8608017,107.5799637,106.1551971,104.4383926,104.7017212,104.7017212
Norway,NOR,"School enrollment, primary (% gross)",SE.PRM.ENRR,100.2527313,100.4241791,100.0541611,99.0553894,98.74391174,98.50948334,98.59432983,84.37536621,100.3169479,100.8224869,100.9224319,100.9374771,100.2682724,100.0580521,99.43080139,98.58247375,98.63913727,99.17321777,99.33680725,99.15959167,99.00771332,99.27304077,99.8311615,100.3335876,100.1427231,100.4209213,100.4209213
Nepal,NPL,"School enrollment, primary (% gross)",SE.PRM.ENRR,111.9294128,112.9345093,115.8647079,115.0368805,115.8107681,115.7055817,119.8465195,117.5703125,,116.5228806,120.2350616,113.07164,118.0723114,115.6102219,116.5935516,115.3215714,127.9683533,128.1320038,125.7934265,137.2763672,142.2854462,145.4078827,142.641922,138.5165405,135.2338257,135.4335022,135.4335022
Nauru,NRU,"School enrollment, primary (% gross)",SE.PRM.ENRR,,,,,,,,,84.33062744,,99.18850708,103.0573196,97.20670319,87.85942078,101.1243362,125.2246017,104.3445663,92.09545135,92.95774841,,,,95.18247986,,104.9900208,,
New Zealand,NZL,"School enrollment, primary (% gross)",SE.PRM.ENRR,104.6736603,102.4797516,100.8255768,100.0449066,99.90872955,101.3891068,100.0773392,101.3095474,101.6629028,100.3925323,99.4099884,97.67523956,97.28475189,98.35162354,98.45922852,99.62898254,100.0370712,100.3922729,100.7311172,100.8683395,101.0886536,99.81523132,98.57495117,98.51785278,98.63333893,99.36090088,99.36090088
OECD members,OED,"School enrollment, primary (% gross)",SE.PRM.ENRR,104.7845535,104.3050919,103.7606201,103.4210968,103.1700821,103.3884506,103.4018402,103.3231583,103.5485001,103.6331482,103.2471466,103.3333282,102.6444931,102.4220428,102.4886093,102.7236862,102.7258911,103.110321,103.2943115,102.920929,102.5574265,102.3812103,102.1687469,102.6920013,102.4886398,102.4886398,102.4886398
Oman,OMN,"School enrollment, primary (% gross)",SE.PRM.ENRR,81.97595978,83.65268707,85.38848877,86.31231689,86.1085968,86.36290741,88.25659943,89.67729187,90.78183746,92.37049103,93.35227966,94.01811981,93.21206665,91.22712708,,88.69039154,86.20253754,89.05687714,93.47820282,103.3237381,,104.5457001,106.8318405,110.9420166,110.935997,109.2810211,109.2810211
Other small states,OSS,"School enrollment, primary (% gross)",SE.PRM.ENRR,98.96154022,99.51036835,98.61286163,98.29737091,99.7091217,100.4871826,100.4487076,100.4629593,100.8239975,100.9827881,102.8299103,104.2058411,104.9283524,105.3035507,105.223587,104.9692612,105.6527328,105.8060303,105.9097137,106.270752,107.2090302,107.4235001,107.1269302,106.7624817,106.7552032,106.7552032,106.7552032
Pakistan,PAK,"School enrollment, primary (% gross)",SE.PRM.ENRR,58.65755081,,,,,,,,,,73.96618652,74.77374268,75.68919373,78.20591736,83.29524231,88.12991333,84.97676086,91.18395996,92.19429779,93.98731232,95.74098206,91.97470093,91.41506958,89.81497955,93.5630722,92.70954132,92.70954132
Panama,PAN,"School enrollment, primary (% gross)",SE.PRM.ENRR,100.6864014,99.75269318,99.82926178,100.1246567,99.42321014,99.42166901,100.9520111,,,104.6609192,106.0655289,107.415863,109.3739319,107.9594803,108.8594513,107.289093,107.4382706,108.7027817,107.9816895,106.9187164,107.0152512,107.0668793,106.2182083,105.3258133,102.2235184,102.2235184,102.2235184
Peru,PER,"School enrollment, primary (% gross)",SE.PRM.ENRR,117.770607,117.2247314,115.2375336,116.5906219,118.5296097,119.8725204,119.1838226,118.0648727,121.0157013,121.8607483,121.2998962,120.8934708,120.4581528,118.9409866,118.0298386,117.4749298,116.8002167,116.516861,112.8914413,111.1047897,110.3650818,107.35672,101.4414215,103.1087036,101.4220963,101.6951675,101.6951675
Philippines,PHL,"School enrollment, primary (% gross)",SE.PRM.ENRR,110.0509567,109.2845535,107.998497,107.2793884,105.4910812,104.8988113,108.5811386,106.7753067,108.2114716,108.9883881,109.3878021,108.6849976,107.9742813,107.8193436,106.8225327,105.9883881,104.0318375,104.5191574,106.4454498,108.8748932,,,,116.8188705,,,
Palau,PLW,"School enrollment, primary (% gross)",SE.PRM.ENRR,,,,,,,,,,,,,,110.0942917,102.884079,102.2083817,102.983223,101.4454727,,,,,,114.3845062,114.2956772,114.2956772,114.2956772
Papua New Guinea,PNG,"School enrollment, primary (% gross)",SE.PRM.ENRR,61.90676117,61.89619064,63.979599,68.02438354,71.03356171,71.92401123,72.36889648,73.04546356,77.25910187,,70.98996735,64.27562714,61.67179108,57.70512009,57.2672081,58.11077881,56.40428162,,60.45463943,,,,114.7354126,,,,
Poland,POL,"School enrollment, primary (% gross)",SE.PRM.ENRR,98.45942688,97.92536163,97.49169922,98.58783722,98.0630722,96.50034332,96.60926056,98.12718201,98.95316315,98.07324219,97.79631805,97.79673004,97.41285706,96.94612122,96.57723236,96.25237274,96.47019196,96.67642212,96.85621643,97.63110352,98.62190247,99.48322296,101.5202713,101.3105621,100.5715179,100.5715179,100.5715179
Pre-demographic dividend,PRE,"School enrollment, primary (% gross)",SE.PRM.ENRR,72.03671265,73.26094055,72.75942993,74.0165329,73.96958923,74.50302887,71.57817841,75.31494141,76.47312927,77.47184753,80.01830292,82.19019318,86.54889679,90.73725891,93.13648987,94.24214935,95.84274292,95.73204041,96.36061859,96.70812988,96.85199738,96.96684265,97.77864838,97.73845673,98.23310089,98.23310089,98.23310089
Puerto Rico,PRI,"School enrollment, primary (% gross)",SE.PRM.ENRR,,,,,,,,,,,,,,,,,,,,93.79328156,94.74958801,87.47731018,89.10469818,89.53308105,89.74832153,89.74832153,89.74832153
North Korea,PRK,"School enrollment, primary (% gross)",SE.PRM.ENRR,,,,,,,,,,,,,,,,,,,,99.78939056,,,,,,76.83377838,76.83377838
Portugal,PRT,"School enrollment, primary (% gross)",SE.PRM.ENRR,122.0909424,119.8673172,122.4225464,120.1971512,121.2952576,121.0489502,121.0958023,,122.5533371,122.2206116,123.2119675,123.0539322,119.1687469,119.6448135,118.7925186,118.3356476,118.2662811,117.3033676,116.0114899,113.5094986,111.9470291,111.1645813,110.0086288,109.9207764,108.5115585,107.3699112,107.3699112
Paraguay,PRY,"School enrollment, primary (% gross)",SE.PRM.ENRR,105.5159683,107.1582184,108.0740891,112.1693268,112.0720215,113.9370728,116.4025497,116.0938492,121.453743,119.3636398,120.2433014,119.3638992,117.8977432,113.6182022,112.1666336,111.9390717,109.1089935,106.9852066,105.233551,104.0106964,103.926033,102.9475021,105.9861679,,,,
West Bank and Gaza Strip,PSE,"School enrollment, primary (% gross)",SE.PRM.ENRR,,,,,,92.07554626,93.47351074,95.31403351,,96.30969238,96.49147034,95.25421906,93.33479309,91.68453979,88.47226715,88.19516754,87.12644958,87.18914795,88.3812027,89.27735901,90.68554688,92.10694122,94.13726807,94.18139648,94.91425323,94.32913208,94.32913208
Pacific island small states,PSS,"School enrollment, primary (% gross)",SE.PRM.ENRR,104.6832428,105.4000015,106.2368774,108.3666077,108.9699326,109.3375015,105.2067108,108.3416595,106.4796371,102.8620529,101.7345581,104.4738617,106.3258591,108.4477005,109.721489,109.870369,110.3630371,108.4027176,108.8401337,108.7793427,110.8001633,110.6450119,109.8303604,110.4198685,110.223259,110.223259,110.223259
Post-demographic dividend,PST,"School enrollment, primary (% gross)",SE.PRM.ENRR,103.9793777,103.7715378,103.0848389,102.9298477,102.9698792,103.3400497,103.4634399,103.3365326,103.6387787,103.6356964,103.117218,103.2076721,102.3328018,101.662262,101.8491898,102.6705322,102.8225403,103.1939316,103.4058228,102.9738312,102.489151,102.2252808,102.038681,102.12883,102.0199203,102.0199203,102.0199203
French Polynesia,PYF,"School enrollment, primary (% gross)",SE.PRM.ENRR,,,,,,,,,,,,,,,,,,,,,,,,,,,
Qatar,QAT,"School enrollment, primary (% gross)",SE.PRM.ENRR,98.42814636,91.10315704,87.64821625,86.22422791,90.8846283,91.65070343,95.32536316,99.25428772,106.4194107,107.0357971,105.1501465,104.6314926,107.9752579,110.5212402,105.0760498,105.4414825,,105.7773666,105.7631378,107.4829788,105.2817078,106.2436371,102.3327103,98.07434082,99.35037231,102.9976196,102.9976196
Romania,ROU,"School enrollment, primary (% gross)",SE.PRM.ENRR,89.70548248,84.87059021,84.88813019,86.1034317,89.14644623,95.25293732,98.00650024,98.82650757,98.45500183,96.66021729,96.76365662,97.79589844,100.7660065,104.4556808,110.9963989,108.6860809,104.7653275,103.2036209,97.89328766,97.65133667,97.26421356,96.5918808,95.54051971,,,89.78305817,89.78305817
Russia,RUS,"School enrollment, primary (% gross)",SE.PRM.ENRR,107.91996,110.2879715,110.3969803,109.4374008,107.1257019,107.8097992,108.4163284,106.265419,103.7076111,102.9245071,102.7860184,106.0926971,113.9620895,121.0805588,,95.27004242,95.04656219,95.69316864,97.51965332,99.21211243,,100.9241104,101.1954117,100.239769,98.56413269,100.5211105,100.5211105
Rwanda,RWA,"School enrollment, primary (% gross)",SE.PRM.ENRR,73.10636139,75.17421722,80.70307159,,,,,98.57325745,102.8477173,99.00348663,105.9891586,107.3604736,114.2113113,124.4999466,134.3261261,136.598114,142.7153168,145.8513947,143.3842163,143.7927246,142.3409576,141.6907349,141.3010406,137.7434235,133.5823212,132.5500641,132.5500641
South Asia,SAS,"School enrollment, primary (% gross)",SE.PRM.ENRR,86.96195984,87.00073242,87.49442291,88.97688293,90.24053192,90.3431015,90.43396759,90.30653381,89.30605316,89.96328735,91.39701843,91.24613953,93.01709747,99.69364929,101.9408798,103.7304077,105.1204987,107.0064087,107.3911972,107.0649338,107.4952698,107.3265381,108.3766937,108.7062836,109.0774231,109.0774231,109.0774231
Saudi Arabia,SAU,"School enrollment, primary (% gross)",SE.PRM.ENRR,,,,,,,,,,,,,,,,93.0454483,,94.81881714,96.00885773,97.32264709,99.16947937,99.60887909,102.2705612,107.3789063,108.7161484,109.4780273,109.4780273
Sudan,SDN,"School enrollment, primary (% gross)",SE.PRM.ENRR,,,,,,,,,,,,58.18429947,58.37591934,59.71640015,60.87554169,61.97542191,66.28147888,65.79666138,71.12716675,70.56642151,69.89643097,67.74221802,69.11643982,70.40174866,,,
Senegal,SEN,"School enrollment, primary (% gross)",SE.PRM.ENRR,54.38954926,54.92684174,54.72714996,54.15069962,55.10963058,55.86859894,59.29605103,62.96504974,65.99965668,64.9238205,68.07021332,69.96470642,70.89884949,74.75862122,76.90316772,78.73561096,78.82829285,82.3258667,82.69660187,82.20213318,81.91661072,80.97888184,81.15817261,81.48448944,80.87622833,82.17194366,82.17194366
Singapore,SGP,"School enrollment, primary (% gross)",SE.PRM.ENRR,,,,,,,,,,,,,,,,,,,,,,,,,,,
Solomon Islands,SLB,"School enrollment, primary (% gross)",SE.PRM.ENRR,88.17384338,89.69595337,96.08764648,101.2608109,104.6990204,107.9680481,92.42919922,107.7838516,,89.21832275,86.31487274,,94.89821625,,,100.8136826,106.3718414,107.4321671,,,115.0045166,116.0997772,113.2700119,114.4345322,113.8727264,114.3226929,114.3226929
Sierra Leone,SLE,"School enrollment, primary (% gross)",SE.PRM.ENRR,51.90501022,47.9911499,,,,,,,,,67.74897003,83.30384827,,,,,,,,,,125.2941437,128.3204041,130.0459595,,127.598938,127.598938
El Salvador,SLV,"School enrollment, primary (% gross)",SE.PRM.ENRR,,100.0149536,102.9153137,103.719368,,103.8308716,111.3636627,78.91776276,112.9031296,113.7948303,113.9190903,115.1101074,116.5853424,119.3868637,122.7730637,123.3401337,123.3837967,129.8805695,122.0818405,120.8259277,120.8792267,119.7922821,117.8658905,115.262413,112.1894226,109.1791306,109.1791306
San Marino,SMR,"School enrollment, primary (% gross)",SE.PRM.ENRR,,,,,,,,,,,,,,,,,,,,92.94606018,94.37463379,91.94117737,93.30171967,,,,
Somalia,SOM,"School enrollment, primary (% gross)",SE.PRM.ENRR,,,,,,,,,,,,,,,,,,29.20210075,,,,,,,,,
Serbia,SRB,"School enrollment, primary (% gross)",SE.PRM.ENRR,,,,,,,,,,109.6715012,103.5866623,102.5208511,102.1195221,101.065239,101.5549393,102.7470932,101.8395462,101.062149,100.6295776,97.68579865,95.89575958,101.4934464,100.571312,100.8955383,101.1311569,101.3429184,101.3429184
Sub-Saharan Africa (excluding high income),SSA,"School enrollment, primary (% gross)",SE.PRM.ENRR,72.52855682,73.67822266,73.4337616,74.29958344,74.4789505,75.26299286,73.41895294,76.92788696,78.59433746,79.13613892,81.63096619,83.77610779,86.02876282,88.63134003,90.68940735,92.98716736,94.71205139,95.46974945,96.58287811,96.81108093,96.61219788,97.10141754,97.72511292,97.84143829,98.42648315,98.42648315,98.42648315
South Sudan,SSD,"School enrollment, primary (% gross)",SE.PRM.ENRR,,,,,,,,,,,,,,,,,,,,,,84.24507141,,,,64.13993835,64.13993835
Sub-Saharan Africa,SSF,"School enrollment, primary (% gross)",SE.PRM.ENRR,72.53159332,73.68119049,73.43659973,74.3022995,74.48171997,75.26567078,73.42173767,76.93016815,78.59641266,79.13832092,81.63301849,83.77784729,86.0302887,88.63266754,90.69026184,92.98825073,94.71292877,95.47051239,96.58354187,96.81170654,96.61296082,97.10211945,97.72569275,97.84185791,98.4267807,98.4267807,98.4267807
Small states,SST,"School enrollment, primary (% gross)",SE.PRM.ENRR,100.9226532,100.9599228,100.3839493,100.2560883,101.389061,101.8037491,101.3597794,101.5985184,101.6196365,101.2117767,102.5421982,103.4538574,103.8990021,104.4250793,104.6866379,104.4239578,105.0106201,104.5630722,105.0101624,105.2537613,105.9019775,106.2261276,106.0632019,105.7882233,105.8426819,105.8426819,105.8426819
Sao Tome and Principe,STP,"School enrollment, primary (% gross)",SE.PRM.ENRR,138.7609406,148.1851044,158.8113556,,,,144.6785126,,129.5039673,103.3524704,,,124.2498779,127.4460373,128.7066193,129.7504425,,122.923027,123.9076691,124.6228714,121.9735413,122.2981567,114.3913116,114.5774231,111.7435532,113.6001968,113.6001968
Suriname,SUR,"School enrollment, primary (% gross)",SE.PRM.ENRR,122.1396103,114.0803909,133.8005676,139.4360046,150.4184875,,,,,98.29299164,,98.61472321,100.5149536,,,112.4483032,113.9231567,110.1772537,116.6384583,118.4586411,118.4438019,117.3337631,118.4772034,119.084671,119.9516678,122.8117218,122.8117218
Slovakia,SVK,"School enrollment, primary (% gross)",SE.PRM.ENRR,,100.1760635,102.2258606,101.0718231,101.1330795,100.3134308,99.25518799,98.40132141,101.6562881,101.5892868,101.9648209,102.0252914,99.95008087,98.94860077,98.17935181,98.63033295,100.9612427,103.4837799,104.5728989,103.7043228,102.3395081,101.3167496,101.6278915,101.757843,100.9806824,99.73207092,99.73207092
Slovenia,SVN,"School enrollment, primary (% gross)",SE.PRM.ENRR,96.14453125,96.1129303,97.79216003,93.71276093,94.00112152,96.49741364,97.66982269,98.7386322,98.9312973,98.16825104,97.17156219,100.9948883,104.9907227,110.4789124,122.0871124,100.1774368,101.3925018,97.74684143,97.92459869,98.22000122,98.29949188,98.39272308,98.93791199,98.98313904,99.30357361,99.30357361,99.30357361
Sweden,SWE,"School enrollment, primary (% gross)",SE.PRM.ENRR,99.5568924,99.76437378,100.3662796,104.3034973,104.204422,104.2811203,104.4263763,104.9891205,110.1918335,109.9479828,109.6567001,109.725441,108.5608063,107.3464737,97.37956238,95.87082672,95.71234894,96.7317276,98.75776672,99.9686203,101.5207596,100.5015564,101.9753571,120.4627228,120.9007568,123.0191879,123.0191879
Swaziland,SWZ,"School enrollment, primary (% gross)",SE.PRM.ENRR,94.03968048,94.0345993,94.53605652,94.3822937,94.51598358,95.97839355,93.88345337,93.28090668,93.11760712,94.38244629,95.17765045,94.90145874,94.44499969,95.18598938,100.7339935,103.1446686,108.1720276,110.4629517,,110.8115387,115.7728271,114.9945068,114.3398819,113.2667999,112.7658081,112.7658081,112.7658081
St. Martin,SXM,"School enrollment, primary (% gross)",SE.PRM.ENRR,,,,,,,,,,,,,,,,,,,,,,,,,,,
Seychelles,SYC,"School enrollment, primary (% gross)",SE.PRM.ENRR,,99.73428345,99.44922638,100.2946014,101.9440384,102.7760391,102.6370392,101.3623123,101.6386566,104.0767136,105.5263214,105.0472488,105.5153503,106.3636398,102.6509933,109.0650635,107.2439423,107.7166138,107.7378006,107.9214096,110.6714325,110.3986816,108.8441315,105.9814529,104.1484528,102.2911224,102.2911224
Syria,SYR,"School enrollment, primary (% gross)",SE.PRM.ENRR,105.5375366,106.9685516,108.2496033,107.4401627,107.5939026,107.0399094,106.6231003,105.9749069,105.2743607,106.4268112,107.6759796,109.9777985,112.1932602,122.0260773,121.613678,121.3021317,119.2201996,118.2152328,118.4906921,119.0248108,122.2353134,128.6764679,130.9213257,80.10088348,80.10088348,80.10088348,80.10088348
Turks and Caicos Islands,TCA,"School enrollment, primary (% gross)",SE.PRM.ENRR,,,,,,,,,,,,,,,,,,,,,,,,,,,
Chad,TCD,"School enrollment, primary (% gross)",SE.PRM.ENRR,49.63227081,51.28364182,53.51887131,50.17673111,47.45267868,46.29587936,48.41564941,53.65962982,59.57688141,61.12397003,63.91820145,66.32965851,70.05877686,71.94307709,75.35385132,71.90290833,71.28170776,70.16066742,78.18197632,82.5393219,82.60771942,89.57610321,93.9981308,101.404068,101.404068,101.404068,101.404068
East Asia & Pacific (IDA & IBRD countries),TEA,"School enrollment, primary (% gross)",SE.PRM.ENRR,120.6462936,118.6785965,116.9232788,114.914238,112.8983231,110.6844025,108.2625198,106.4792633,106.3197403,106.0299072,106.353241,106.8795624,108.5928497,110.4036713,106.8686981,103.0396729,104.0825424,107.4510574,109.5474167,110.4470673,110.0575714,109.4240723,109.383461,108.4553833,105.754097,105.754097,105.754097
Europe & Central Asia (IDA & IBRD countries),TEC,"School enrollment, primary (% gross)",SE.PRM.ENRR,103.5141678,104.5906219,104.0606232,103.4295425,102.6536331,102.0027771,101.4206009,101.0126877,101.228981,101.5102005,101.6390533,103.5282593,105.6442795,104.0325012,102.262352,99.99008942,99.13532257,99.33032227,99.49224854,99.24569702,99.94844055,100.5131226,100.2985611,102.2144165,101.732193,101.732193,101.732193
Togo,TGO,"School enrollment, primary (% gross)",SE.PRM.ENRR,92.8152771,98.03791046,96.07073975,,92.44892883,103.7089005,109.8363419,112.0815964,113.4671402,119.6372833,112.8873215,114.9691772,116.95047,114.581192,113.5640869,112.7041473,116.5992279,110.6960297,111.4785614,125.8522263,128.3691559,125.867363,128.4820251,128.7080536,125.1124802,121.7996521,121.7996521
Thailand,THA,"School enrollment, primary (% gross)",SE.PRM.ENRR,98.77101135,99.82115936,100.4152908,99.68891907,98.37107849,95.53501892,91.63233185,92.25167847,93.68167877,97.52947998,97.91468811,97.40939331,98.30423737,,99.06455231,98.32312775,96.86351013,97.27977753,97.85839844,97.41174316,96.1026535,96.62766266,97.4781189,97.90364838,103.6888885,102.7294617,102.7294617
Tajikistan,TJK,"School enrollment, primary (% gross)",SE.PRM.ENRR,,90.51132965,91.95353699,85.30751038,89.71729279,89.4156723,88.8626709,87.23207855,94.25126648,94.52957153,95.31176758,94.82711029,96.60035706,98.83885193,98.51345825,98.94245148,98.18180084,97.12068176,99.23905945,99.3107605,100.0423889,99.42752838,98.95062256,98.98621368,97.34558868,98.18959808,98.18959808
Turkmenistan,TKM,"School enrollment, primary (% gross)",SE.PRM.ENRR,,,,,,,,,,,,,,,,,,,,,,,,,89.36720276,89.36720276,89.36720276
Latin America & the Caribbean (IDA & IBRD countries),TLA,"School enrollment, primary (% gross)",SE.PRM.ENRR,114.9421616,112.3361206,113.245903,113.8340073,114.6691284,122.0779266,122.3404465,117.4898834,123.1645279,122.707901,119.7232285,120.0051193,119.710907,118.0221176,116.5868835,116.1374283,115.3738708,115.0828094,115.344162,115.1721115,112.6269073,115.0904388,114.1206207,109.1777191,108.5717087,108.5717087,108.5717087
Timor-Leste,TLS,"School enrollment, primary (% gross)",SE.PRM.ENRR,,,,,,,,,,,,118.3470535,113.3755112,107.8416977,102.076767,94.34722137,,,108.743103,118.434639,131.1471252,134.822937,135.2060547,136.0673981,136.8142548,136.8432007,136.8432007
Middle East & North Africa (IDA & IBRD countries),TMN,"School enrollment, primary (% gross)",SE.PRM.ENRR,94.95432281,95.7674408,93.21900177,93.28044891,94.99082184,93.07868195,94.88021851,94.72168732,95.39151764,96.14240265,96.96057892,98.31069946,99.81523132,101.2232666,102.0789795,102.4708099,103.9388199,105.0313263,105.5839462,106.4174576,106.9345703,106.5397568,107.9530792,107.8194275,105.1318665,105.1318665,105.1318665
Tonga,TON,"School enrollment, primary (% gross)",SE.PRM.ENRR,107.209137,106.7858276,106.366127,109.0389633,110.5541077,114.7464218,118.2947388,116.8608704,113.5955811,112.65271,109.1878128,110.4532776,110.7549896,116.3945084,112.1575623,112.0084229,111.351387,110.6148911,108.4667435,108.0597229,108.3403015,108.6842804,110.4115906,109.7601318,108.0740967,108.0740967,108.0740967
South Asia (IDA & IBRD),TSA,"School enrollment, primary (% gross)",SE.PRM.ENRR,86.96195984,87.00073242,87.49442291,88.97688293,90.24053192,90.3431015,90.43396759,90.30653381,89.30605316,89.96328735,91.39701843,91.24613953,93.01709747,99.69364929,101.9408798,103.7304077,105.1204987,107.0064087,107.3911972,107.0649338,107.4952698,107.3265381,108.3766937,108.7062836,109.0774231,109.0774231,109.0774231
Sub-Saharan Africa (IDA & IBRD countries),TSS,"School enrollment, primary (% gross)",SE.PRM.ENRR,72.53159332,73.68119049,73.43659973,74.3022995,74.48171997,75.26567078,73.42173767,76.93016815,78.59641266,79.13832092,81.63301849,83.77784729,86.0302887,88.63266754,90.69026184,92.98825073,94.71292877,95.47051239,96.58354187,96.81170654,96.61296082,97.10211945,97.72569275,97.84185791,98.4267807,98.4267807,98.4267807
Trinidad and Tobago,TTO,"School enrollment, primary (% gross)",SE.PRM.ENRR,95.65228271,95.2767334,94.73931122,94.88700104,95.22119141,96.3232193,97.26252747,98.81604004,100.4417725,102.5548782,104.9043579,101.1234131,96.51348114,100.5296097,101.7163467,99.26072693,,104.6196136,106.3330231,106.5302811,106.1602936,,,,,,
Tunisia,TUN,"School enrollment, primary (% gross)",SE.PRM.ENRR,114.2705536,114.9739838,114.9554062,114.5145874,115.9187012,115.4015198,114.0940094,112.6231384,113.3561401,114.5081863,114.8690033,115.0857468,114.5243988,113.7703018,112.7311707,111.7445374,109.7748108,105.9609833,104.9123688,105.4829178,107.2289734,107.7200165,109.8686066,111.2818069,113.0734863,114.1744766,114.1744766
Turkey,TUR,"School enrollment, primary (% gross)",SE.PRM.ENRR,104.2144089,103.9433594,103.7715912,101.1239929,98.69251251,98.40962219,,82.01820374,,102.6799698,102.784668,105.1896133,106.2732315,103.1724319,103.1524582,103.1570435,102.7080078,103.0920715,102.7649994,100.4087372,101.5518036,101.2253036,98.60662079,106.8639679,105.8253632,102.4896698,102.4896698
Tuvalu,TUV,"School enrollment, primary (% gross)",SE.PRM.ENRR,,,,,,,,,,,104.9101028,100.5637817,91.05748749,94.11765289,97.09544373,99.51956177,100.0685425,,,,,,,,101.3552094,103.62117,103.62117
Tanzania,TZA,"School enrollment, primary (% gross)",SE.PRM.ENRR,69.57792664,70.02220917,69.48687744,69.71935272,68.67334747,68.2085495,67.47853851,67.63220215,65.6750412,66.42498016,67.91203308,73.90910339,88.45033264,94.75663757,99.79057312,103.5957489,106.6347885,108.2709885,108.7501602,102.8001099,98.95530701,93.46962738,90.10475922,86.76834106,83.71761322,81.70601654,81.70601654
Uganda,UGA,"School enrollment, primary (% gross)",SE.PRM.ENRR,70.54657745,70.85729218,63.69141006,68.36512756,68.89507294,69.67884064,70.96617126,118.457428,125.197937,130.942627,132.0662384,134.1308899,137.9927826,138.3829498,129.3638458,122.7124176,121.1567383,119.9467392,122.4333191,123.2364731,120.2518234,112.3779068,111.7573395,109.886467,109.886467,109.886467,109.886467
Ukraine,UKR,"School enrollment, primary (% gross)",SE.PRM.ENRR,112.2684021,119.0872574,116.6254501,117.9473267,119.1590881,,,114.1670914,119.0068588,116.6492996,115.1458969,119.8566437,124.6660385,96.43817902,95.81526184,105.9020996,99.97496796,98.14134216,97.70645905,98.88626099,102.7456131,106.7401962,107.9575729,107.8058624,103.914711,103.914711,103.914711
Upper middle income,UMC,"School enrollment, primary (% gross)",SE.PRM.ENRR,119.3015366,117.3256912,116.095871,114.4693909,112.803688,112.9232407,110.4650803,,108.7641602,108.6254578,108.3263016,109.1034698,110.8358307,112.1667175,108.6816864,105.3206482,106.4414902,108.8674622,110.8534317,111.2220535,109.6772003,109.8691177,109.2385635,108.0201111,105.4714813,105.7751083,105.7751083
Uruguay,URY,"School enrollment, primary (% gross)",SE.PRM.ENRR,108.5705338,108.7576981,108.9912491,109.243248,108.3933029,108.0722275,108.1348419,112.6876526,111.8395386,111.2841721,109.0212021,108.3423996,110.1983719,111.1576538,112.6292496,113.8982697,115.293808,114.6920013,113.9373093,113.3674316,112.0714035,,,109.7259674,108.554718,108.554718,108.554718
United States,USA,"School enrollment, primary (% gross)",SE.PRM.ENRR,105.162117,104.4173126,,102.9622269,102.4447937,103.8801727,103.9190979,,103.9386292,103.573082,102.5235672,102.9981003,100.5940704,100.5753937,100.0040283,100.7020874,101.5988464,102.7861023,103.3816299,102.3355179,100.6018219,99.89647675,99.56440735,99.42176819,99.53204346,100.1470413,100.1470413
Uzbekistan,UZB,"School enrollment, primary (% gross)",SE.PRM.ENRR,110.2187195,110.5389709,103.2650299,102.8664017,103.8682327,103.029213,98.27137756,97.61405182,97.29557037,98.52654266,100.6575699,102.332283,102.8112793,102.6952515,102.6408463,102.6542206,101.104187,99.02243805,97.40213776,96.12915802,96.73621368,96.86116791,98.15724945,99.21044922,100.1556625,102.0940094,102.0940094
St. Vincent and the Grenadines,VCT,"School enrollment, primary (% gross)",SE.PRM.ENRR,,113.2822495,,,116.7485504,,,,120.2089615,120.3543015,117.9331131,118.4825897,114.4787521,119.3937073,114.1295166,118.17099,,108.9541016,108.1314392,105.9630432,105.0352936,99.64208221,105.3229599,105.3002167,104.710289,104.5212784,104.5212784
Venezuela,VEN,"School enrollment, primary (% gross)",SE.PRM.ENRR,105.8525009,109.1535721,110.5865936,108.6107864,,,98.69405365,99.47615814,,97.5909729,99.28468323,102.1949921,104.6982498,102.9771576,103.0126266,102.7835312,102.7301636,104.6171112,101.9282608,102.2441101,101.6785812,101.4411163,101.5306931,102.030632,100.8450012,99.99983215,99.99983215
British Virgin Islands,VGB,"School enrollment, primary (% gross)",SE.PRM.ENRR,,,,,,,,,,,,,103.0425186,100.0359802,99.75273895,99.45092773,97.62859344,98.99186707,,94.58724213,,95.00453949,95.53140259,96.20825195,97.58785248,98.96846008,98.96846008
Virgin Islands (U.S.),VIR,"School enrollment, primary (% gross)",SE.PRM.ENRR,,,,,,,,,,,,,,,,,,,,,,,,,,,
Vietnam,VNM,"School enrollment, primary (% gross)",SE.PRM.ENRR,104.5611801,106.0468903,106.9425888,110.2856522,111.5615616,113.0165176,113.680603,114.8750229,113.9260712,111.1057281,108.7408295,105.8082199,102.383728,99.57644653,98.33364105,97.16143036,97.58717346,99.25359344,101.1171494,101.7598877,105.0877304,106.503273,106.9586334,107.5177917,109.3546906,108.8766785,108.8766785
Vanuatu,VUT,"School enrollment, primary (% gross)",SE.PRM.ENRR,97.2035675,96.59336853,99.01612854,111.0542831,110.0986404,,,111.8245926,119.8173065,117.9787598,120.2845764,120.9134293,121.6835022,125.1525192,121.2234421,117.7063599,111.6634979,112.453537,113.8138123,113.5782928,122.4935608,,,123.745903,,119.7054977,119.7054977
World,WLD,"School enrollment, primary (% gross)",SE.PRM.ENRR,99.90946198,99.25592804,98.61930084,98.541008,98.48313141,98.63536835,97.77850342,,97.8116684,97.96082306,98.4768219,98.96137238,100.1717834,102.5659866,102.482338,102.2058487,103.1304169,104.6366577,105.4907532,105.5821533,105.2937012,105.5152969,106.015152,105.7427826,104.1473007,104.2966766,104.2966766
Samoa,WSM,"School enrollment, primary (% gross)",SE.PRM.ENRR,,,,,99.34098053,100.1104279,99.35263062,76.2427063,98.51009369,96.05194092,96.58142853,100.267807,104.9321213,107.4371338,108.9692078,109.3670502,108.6017303,107.9439392,,106.4181671,110.755928,106.528717,105.1540222,,106.1592102,106.7311478,106.7311478
Kosovo,XKX,"School enrollment, primary (% gross)",SE.PRM.ENRR,,,,,,,,,,,,,,,,,,,,,,,,,,,
Yemen,YEM,"School enrollment, primary (% gross)",SE.PRM.ENRR,,,,,,,,,,71.32845306,,76.79959869,78.59493256,81.69519043,85.09525299,87.82946777,,,89.10401154,,90.82636261,94.90891266,94.42503357,97.48796082,97.48796082,97.48796082,97.48796082
South Africa,ZAF,"School enrollment, primary (% gross)",SE.PRM.ENRR,106.7091217,108.8223724,,,115.3226318,117.3399277,,115.0497513,112.9235306,111.2959366,103.7282104,102.8546677,103.1636581,102.7178192,101.8113708,99.59098816,98.18670654,98.64890289,97.71826172,96.8759613,96.25382233,96.31582642,97.62976074,98.5015564,99.72310638,99.72310638,99.72310638
Zambia,ZMB,"School enrollment, primary (% gross)",SE.PRM.ENRR,91.35587311,92.25843048,,,85.19052124,82.81829834,80.96021271,,78.52445221,76.58725739,76.68731689,76.77185059,80.0341568,,99.27349091,110.5868912,112.2416077,113.6861572,115.0299301,108.8441315,107.5977097,109.0175476,109.2106476,103.652977,103.652977,103.652977,103.652977
Zimbabwe,ZWE,"School enrollment, primary (% gross)",SE.PRM.ENRR,97.42517853,102.1829071,100.2064514,103.8181,,103.7823486,103.0802689,102.8720627,101.0879517,99.90028381,100.0001221,102.8850327,97.45442963,96.10444641,,,,,,,,,102.4469833,99.93785858,99.93785858,99.93785858,99.93785858